sample_id,catalog_content,image_link,price
2756,"Item Name: Pistachio Almond Green Tea (50 tea bags, ZIN: 541730) - 3 Pack
Bullet Point 1: Our Pistachio Almond Green Tea is a scrumptuous flavored Green tea with Pistachio Pieces, Almonds and Macadamia Nuts that will refresh you with its terrific taste! You will enjoy the Pistachio Almond aroma and flavor again and again! - Ingredients: Green tea, Pistachio Pieces, Almonds, Macadamia Nuts and Natural Pistachio Almond Flavor.
Bullet Point 2: No fillers.
Bullet Point 3: Manufacturer: TerraVita
Bullet Point 4: Size: 50 tea bags
Bullet Point 5: Green Tea Bags - Packed in a convenient upright pouch!
Product Description: Our Pistachio Almond Green Tea is a scrumptuous flavored Green tea with Pistachio Pieces, Almonds and Macadamia Nuts that will refresh you with its terrific taste! You will enjoy the Pistachio Almond aroma and flavor again and again! - Ingredients: Green tea, Pistachio Pieces, Almonds, Macadamia Nuts and Natural Pistachio Almond Flavor. - Hot tea brewing method: Bring freshly drawn cold water to a rolling boil. Place 1 teabag for each desired cup into the teapot. Pour the boiling water into the pot, cover and let steep for 2-4 minutes. Pour into your cup; add milk and natural sweeteners to taste. - Iced tea brewing method: (to make 1 liter/quart): Place 5 teabags into a teapot or heat resistant pitcher. Pour 1 1/4 cups of freshly boiled water over the teabags. Steep for 5 minutes. Quarter fill a serving pitcher with cold water. Pour the tea into the serving pitcher. Add ice and top-up with cold water. Garnish and sweeten to taste. - TerraVita is an exclusive line of premium-quality, natural source products that use only the finest, purest and most potent ingredients found around the world. TerraVita is hallmarked by the highest possible standards of purity, potency, stability and freshness. All of our products are prepared with the highest elements of quality control, from raw materials through the entire manufacturing process, up to and including the moment that the bottles or bags are sealed for freshness and shipped out to you. Our highest possible standards are certified by independent laboratories and backed by our personal guarantee. - TerraVita exists to meet and ensure your family's health and wellness without the harmful effects of chemicals and health products. We strive to make all of our products affordable and reliable and are constantly searching the marke
Value: 150.0
Unit: Count
",https://m.media-amazon.com/images/I/8166YLpmZmL.jpg,56.56
3347,"Item Name: Birch Benders Plant Protein Pancake & Waffle Mix, 14 OZ
Bullet Point 1: 1 - 14 oz pouch of Birch Benders Plant Protein Pancake and Waffle Mix (Packaging may vary)
Bullet Point 2: Our Plant Protein pancakes are vegan, made with whole grains and pack 14g of plant protein per serving
Bullet Point 3: Kosher, BPA Free, Cholesterol, Dairy Free
Bullet Point 4: Don't want to use it all at once? Our resealable pouch keeps the mix fresh for next time
Bullet Point 5: Top with your favorite nut butter, or leave them alone- who knew plant-based pancakes could be so delicious
Value: 14.0
Unit: Ounce
",https://m.media-amazon.com/images/I/81VckRXppBL.jpg,6.18
4095,"Item Name: Raspberry Ginseng Oolong Tea (50 tea bags, ZIN: 543034) - 2 Pack
Bullet Point 1: Our Raspberry Ginseng Oolong Tea is a luxurious flavored Oolong tea with Raspberries (Red), Raspberry Leaf (Red) and Ginseng Root that you can enjoy hot or cold! The Raspberry Ginseng flavor and aroma is wonderful! - Ingredients: Oolong tea, Raspberries (Red), Raspberry Leaf (Red), Ginseng Root and Natural Raspberry Ginseng Flavor.
Bullet Point 2: No fillers.
Bullet Point 3: Manufacturer: TerraVita
Bullet Point 4: Size: 50 tea bags
Bullet Point 5: Oolong Tea Bags - Packed in a convenient upright pouch!
Product Description: Our Raspberry Ginseng Oolong Tea is a luxurious flavored Oolong tea with Raspberries (Red), Raspberry Leaf (Red) and Ginseng Root that you can enjoy hot or cold! The Raspberry Ginseng flavor and aroma is wonderful! - Ingredients: Oolong tea, Raspberries (Red), Raspberry Leaf (Red), Ginseng Root and Natural Raspberry Ginseng Flavor. - Hot tea brewing method: Bring freshly drawn cold water to a rolling boil. Place 1 teabag for each desired cup into the teapot. Pour the boiling water into the pot, cover and let steep for 2-4 minutes. Pour into your cup; add milk and natural sweeteners to taste. - Iced tea brewing method: (to make 1 liter/quart): Place 5 teabags into a teapot or heat resistant pitcher. Pour 1 1/4 cups of freshly boiled water over the teabags. Steep for 5 minutes. Quarter fill a serving pitcher with cold water. Pour the tea into the serving pitcher. Add ice and top-up with cold water. Garnish and sweeten to taste. - TerraVita is an exclusive line of premium-quality, natural source products that use only the finest, purest and most potent ingredients found around the world. TerraVita is hallmarked by the highest possible standards of purity, potency, stability and freshness. All of our products are prepared with the highest elements of quality control, from raw materials through the entire manufacturing process, up to and including the moment that the bottles or bags are sealed for freshness and shipped out to you. Our highest possible standards are certified by independent laboratories and backed by our personal guarantee. - TerraVita exists to meet and ensure your family's health and wellness without the harmful effects of chemicals and health products. We strive to make all of our products affordable and reliable and are constantly searching the market to
Value: 100.0
Unit: Count
",https://m.media-amazon.com/images/I/813OiT8mdJL.jpg,38.54
4703,"Item Name: Colman's Original English Squeezy Mustard 150g - Pack of 2
Value: 10.58
Unit: Ounce
",https://m.media-amazon.com/images/I/61Fxyn+YdpL.jpg,19.0
5117,"Item Name: Citrus Punch Black Tea (Loose) (4 oz, ZIN: 544970) - 2 Pack
Bullet Point 1: Our Citrus Punch Black Tea is a tasty flavored Black tea with Coconut, Orange Peel and Lemon Peel that has a refreshing taste that will impress you! The unique Citrus Punch taste is delicious! - Ingredients: Black tea, Coconut, Orange Peel, Lemon Peel and Natural Citrus Punch Flavor.
Bullet Point 2: No fillers.
Bullet Point 3: Manufacturer: TerraVita
Bullet Point 4: Size: 4 oz
Bullet Point 5: Loose Leaf Black Tea - Packed in a convenient upright pouch!
Product Description: Our Citrus Punch Black Tea is a tasty flavored Black tea with Coconut, Orange Peel and Lemon Peel that has a refreshing taste that will impress you! The unique Citrus Punch taste is delicious! - Ingredients: Black tea, Coconut, Orange Peel, Lemon Peel and Natural Citrus Punch Flavor. - Hot tea brewing method: Bring freshly drawn cold water to a rolling boil. Place 1 teaspoon of tea for each desired cup into the teapot. Pour the boiling water into the pot, cover and let steep for 2-4 minutes. Strain and pour into your cup; add milk and natural sweeteners to taste. - Iced tea brewing method: (to make 1 liter/quart): Place 5 teaspoons of tea into a teapot or heat resistant pitcher. Pour 1 1/4 cups of freshly boiled water over the tea itself. Steep for 5 minutes. Fill a serving pitcher with 1/4 cold water. Strain and pour the tea into the serving pitcher Add ice and top-up with cold water. Sweeten and garnish to taste. - TerraVita is an exclusive line of premium-quality, natural source products that use only the finest, purest and most potent ingredients found around the world. TerraVita is hallmarked by the highest possible standards of purity, potency, stability and freshness. All of our products are prepared with the highest elements of quality control, from raw materials through the entire manufacturing process, up to and including the moment that the bottles or bags are sealed for freshness and shipped out to you. Our highest possible standards are certified by independent laboratories and backed by our personal guarantee. - TerraVita exists to meet and ensure your family's health and wellness without the harmful effects of chemicals and health products. We strive to make all of our products affordable and reliable and are constantly searching the market to maintain ou
Value: 8.0
Unit: Ounce
",https://m.media-amazon.com/images/I/81556u0tgQL.jpg,29.41
6172,"Item Name: Boost Kid Essentials 1.5 Balanced Nutritional Drink, Vitamin, Mineral and Nutrient Blend (Chocolate Craze, 8 Fl Oz (Pack of 27))
Bullet Point 1: Nestle Boost Kid Essentials has a high caloric density, delivering what kids need in a volume they can handle
Bullet Point 2: A high calcium content strengthens developing bones
Bullet Point 3: The pre-mixed liquid is suitable for drinking or for tube feeding
Bullet Point 4: Essential nutrients such as magnesium and vitamins D, C and K supplement a child's diet to ensure complete nutrition
Bullet Point 5: This drink is free of lactose and gluten and is suitable for children with sensitivities
Bullet Point 6: The Boost Kid Essentials chocolate craze flavor is made without any artificial colors, flavors or sweeteners for safer ingestion
Value: 216.0
Unit: Fl Oz
",https://m.media-amazon.com/images/I/61GdOTW41yL.jpg,71.525
7437,"Item Name: CLIF BARS - Energy Bars - 12 Flavor Variety Pack - Made with Organic Oats - Plant Based Food - Vegetarian - Kosher (2.4 Ounce Protein Bars, 12 Count)
Value: 28.8
Unit: Ounce
",https://m.media-amazon.com/images/I/71YCbR63E4L.jpg,2.29
11039,"Item Name: Dried Potatoes 1 Pound Bulk-Heat Sealed in a Poly Bag-Dehydrated Dried Vegetables
Bullet Point 1: Yield: 1 Cup yields 2 Cups (by volume) or 12 Ounces (by weight) - No additives or preservatives. Non-GMO. Gluten Free.
Bullet Point 2: Feathery light and creamy white, they are of exceptional quality.
Bullet Point 3: White Potatoes are a delightful addition to any meal... and our White Potatoes are an even better addition
Bullet Point 4: Dehydrated vegetables maintain a high level of their nutritive value and can be used in a variety of recipes. To rehydrate vegetables, combine 1 part vegetable with 2 parts water. Then, simmer for about 10-15 minutes, or soak for 1-2 hours. It is not necessary to rehydrate vegetables prior to using them in a recipe that requires cooking.
Bullet Point 5: Feathery light and creamy white, they are of exceptional quality. Use them in soups, stews, or other recipes--or just cook and eat plain!
Bullet Point 6: Perfectly Dehydrated Dried Potatoes: Discover the ease of our Dried Potatoes, these potatoes are dehydrated to keep flavor and nutrients for extended storage. Whether you're preparing your daily meals or storing them for your next outdoor adventure, these dried potatoes ensure you always have a vital ingredient on hand.
Bullet Point 7: Instant Mashed Potatoes: Create smooth mashed potatoes effortlessly with our Dried Potatoes. Just add water and watch them transform into fair perfection, ideal for pairing with any main dish or serving as a delightful separate side. Enjoy the homemade taste without the hassle.
Bullet Point 8: Add Vital Flavor to Your Meals: Enhance your soups, stews, and daily meals with our Dried Potatoes, crafted for exceptional flavor and convenience. Simply rehydrate these potatoes to add vital texture and richness to your favorite recipes. Perfect for pleasant evenings or hosting a gathering, they elevate every spoonful with flavorful goodness.
Bullet Point 9: Easy and Delicious: Whether you're making soups and stews, creamy mashed potatoes, or a satisfying one-dish meal, our Dried Potatoes deliver the flavor and nutrition you need with less effort. Enjoy the simplicity of cooking with good quality ingredients that enhance every dish.
Bullet Point 10: Effortless Perfection: Naturejam’s dried diced potatoes are ready when you just add water to rehydrate them to their original taste. Perfect for soups, stews, and other recipes, they save your time without compromising on taste. Enjoy the ease of cooking with the best quality potatoes that are convenient and full of nutrients.
Product Description: Dried potatoes, also known as dehydrated potatoes, are made from fresh potatoes that have been dried out. They’re super handy because they don’t need much preparation. You can easily rehydrate them to make mashed potatoes, which is a quick and tasty side dish. Beyond mashed potatoes, dice potatoes are versatile in the kitchen they’re also great in soups and stews, adding flavor and texture. As they’re lightweight, they’re perfect for camping trips or any other outdoor adventure. You can even grind them into a fine powder to make instant potato flakes, which are useful for thickening soups, dehydrated meals, or making dumplings. Their long shelf life and versatility make dried potatoes a useful ingredient to have around.
Value: 16.0
Unit: Ounce
",https://m.media-amazon.com/images/I/81dYaU98pZL.jpg,14.99
12548,"Item Name: Davidsons Organics 7129 2 oz Herbal Cocoa Nibs Sampler Tea - Pack of 6
Bullet Point 1: Herbal cocoa nibs sampler tea
Bullet Point 2: Pack of 6Specifications
Bullet Point 3: Capacity&#58; 2 oz
Bullet Point 4: Weight&#58; 0.06 lbs
Bullet Point 5: Quality product.
Product Description: Davidsons cocoa nibs are processed from pure organic cacao beans, which are used to make chocolate. Cocoa is also extraordinarily healthy. Cocoa is one of the most antioxidant dense foods on earth. It is also a great source of magnesium, iron, and fiber. Eating raw cocoa has also been scientifically proven to boost your mood. Brew a cup after dinner for a healthy and delicious light dessert tea, add them to yogurt, cereal, baking mix, bread mix or milkshake, for a perfect chocolate treat. Features. Herbal cocoa nibs sampler tea. Pack of 6Specifications. Capacity 2 oz. Weight 0.06 lbs
Value: 6.0
Unit: Count
",https://m.media-amazon.com/images/I/61jwzY8OgYL.jpg,35.44
17594,"Item Name: Maxons Yorkshire Mixture Toffee | Fruit Mix Candies | from England | Classic English Sweets Assortment | Real Mint Flavored Boiled Sweets | British Food | 8.82 Oz (250g)
Bullet Point 1: Maxons Yorkshire Mixture 250g: A delightful assortment of classic English sweets, carefully crafted with the finest quality ingredients
Bullet Point 2: Iconic British Confectionery: Experience the authentic taste of England with this mix of assorted candies, toffees, and traditional sweets
Bullet Point 3: Ideal for Sharing and Gifting: The generous 250g pack is ideal for sharing during gatherings or as a thoughtful gift for friends and family
Bullet Point 4: Charming Retro Packaging: The sweets are presented in attractive retro-style packaging, adding a touch of nostalgia to any occasion
Bullet Point 5: Versatile Snack: Whether you're craving a sweet treat or hosting a party, Maxons Yorkshire Mixture is the perfect choice
Bullet Point 6: Premium Quality: Made with great attention to detail, this confectionery assortment ensures a delightful taste experience
Bullet Point 7: Trusted Brand: Maxons has a long-standing reputation for producing top-notch confectionery products, making this Yorkshire Mixture a reliable choice
Product Description: Maxons Yorkshire Mixture 250g is a delightful assortment of classic English sweets, expertly crafted to provide an authentic taste of England's confectionery traditions. This delightful mix showcases a variety of candies, toffees, and traditional sweets, all made with the finest quality ingredients. Packaged in an eye-catching retro-style design, this 250g pack is perfect for sharing during gatherings with friends and family or for offering as a thoughtful gift on special occasions. The charming presentation adds a touch of nostalgia, making it a great addition to gift collections and sweet treat displays. Maxons Yorkshire Mixture is a versatile snack that satisfies sweet cravings anytime, anywhere. Whether you're hosting a party, enjoying a movie night, or simply in need of a delightful pick-me-up, these sweets are sure to please. As a trusted brand with a long-standing reputation, Maxons ensures each piece in this assortment is made with great attention to detail, providing a premium taste experience for confectionery enthusiasts of all ages. Indulge in the classic flavors of England and experience the joy of Maxons Yorkshire Mixture 250g – a true celebration of British confectionery excellence
Value: 8.82
Unit: Ounce
",https://m.media-amazon.com/images/I/71ex6fm994L.jpg,10.4
17648,"Item Name: OH SNAP! Dilly Bites Fresh Dill Pickle Snacking Cuts, 3.25 oz, Case of 12
Bullet Point 1: Fresh Packed Dill Pickle Bites
Bullet Point 2: No Brine Added
Bullet Point 3: Gluten Free
Bullet Point 4: Fat Free
Bullet Point 5: 12 count case of 3.25 ounce bags
Product Description: Yes, they're crunchy, delicious, spicy and healthy-everything you love about spicy pickles. However, OH SNAP! individually wrapped dill pickles and veggies have no added brine, so there's less mess. Plus, they are single-serve so you can enjoy them with a meal or as a refreshing snack on the road, in a school lunch, or … right now!
Value: 39.0
Unit: Ounce
",https://m.media-amazon.com/images/I/719vf7lj4mL.jpg,1.99
17712,"Item Name: Kool-Aid Juice Jammers, Includes (40) 6-fl.-oz. Pouches with Classic Kool-Aid flavors Cherry, Grape, Tropical Punch and Strawberry Kiwi, 2 Pack
Value: 480.0
Unit: Fl Oz
",https://m.media-amazon.com/images/I/71z5K3rB41L.jpg,18.985
18872,"Item Name: Guava Dandelion Root Tea (Loose) (4 oz, ZIN: 552515) - 3 Pack
Bullet Point 1: Our Guava Dandelion Root tea is a delicious naturally flavored Dandelion Root coffee substitute with Marigold that you will enjoy relaxing with anytime! The natural and caffeine-free Guava taste is delicious! - Ingredients: Dandelion Root, Marigold and Natural Guava Flavor.
Bullet Point 2: No fillers.
Bullet Point 3: Manufacturer: TerraVita
Bullet Point 4: Size: 4 oz
Bullet Point 5: Loose Leaf Dandelion Root Tea - Packed in a convenient upright pouch!
Product Description: Our Guava Dandelion Root tea is a delicious naturally flavored Dandelion Root coffee substitute with Marigold that you will enjoy relaxing with anytime! The natural and caffeine-free Guava taste is delicious! - Ingredients: Dandelion Root, Marigold and Natural Guava Flavor. - Hot tea brewing method: Bring freshly drawn cold water to a rolling boil. Place 1 teaspoon of tea for each desired cup into the teapot. Pour the boiling water into the pot, cover and let steep for 2-4 minutes. Strain and pour into your cup; add milk and natural sweeteners to taste. - Iced tea brewing method: (to make 1 liter/quart): Place 5 teaspoons of tea into a teapot or heat resistant pitcher. Pour 1 1/4 cups of freshly boiled water over the tea itself. Steep for 5 minutes. Fill a serving pitcher with 1/4 cold water. Strain and pour the tea into the serving pitcher Add ice and top up with cold water. Sweeten and garnish to taste. - TerraVita is an exclusive line of premium-quality, natural source products that use only the finest, purest and most potent ingredients found around the world. TerraVita is hallmarked by the highest possible standards of purity, potency, stability and freshness. All of our products are prepared with the highest elements of quality control, from raw materials through the entire manufacturing process, up to and including the moment that the bottles or bags are sealed for freshness and shipped out to you. Our highest possible standards are certified by independent laboratories and backed by our personal guarantee. - TerraVita exists to meet and ensure your family's health and wellness without the harmful effects of chemicals and health products. We strive to make all of our products affordable and reliable and are constantly searching the market to maintain our affordab
Value: 12.0
Unit: Ounce
",https://m.media-amazon.com/images/I/81ZJcFdw1lL.jpg,52.41
20265,"Item Name: Strawberry Papaya Yerba Mate Tea (50 tea bags, ZIN: 565267) - 3 Pack
Bullet Point 1: Our Strawberry Papaya Yerba Mate tea is a scrumptuous all-natural flavored Yerba Mate coffee substitute with Strawberries, Papaya and Lime Peel that will refresh you with its terrific taste! You will enjoy the earthy and acidity-free Strawberry Papaya aroma and flavor again and again! - Ingredients: Yerba Mate, Strawberries, Papaya, Lime Peel and Natural Strawberry Papaya Flavor.
Bullet Point 2: No fillers.
Bullet Point 3: Manufacturer: TerraVita
Bullet Point 4: Size: 50 tea bags
Bullet Point 5: Yerba Mate Tea Bags - Packed in a convenient upright pouch!
Product Description: Our Strawberry Papaya Yerba Mate tea is a scrumptuous all-natural flavored Yerba Mate coffee substitute with Strawberries, Papaya and Lime Peel that will refresh you with its terrific taste! You will enjoy the earthy and acidity-free Strawberry Papaya aroma and flavor again and again! - Ingredients: Yerba Mate, Strawberries, Papaya, Lime Peel and Natural Strawberry Papaya Flavor. - Hot tea brewing method: Bring freshly drawn cold water to a rolling boil. Place 1 teabag for each desired cup into the teapot. Pour the boiling water into the pot, cover and let steep for 2-4 minutes. Pour into your cup; add milk and natural sweeteners to taste. - Iced tea brewing method: (To make 1 liter/quart): Place 5 teabags into a teapot or heat resistant pitcher. Pour 1 1/4 cups of freshly boiled water over the teabags. Steep for 5 minutes. Quarter fill a serving pitcher with cold water. Pour the tea into the serving pitcher. Add ice and top up with cold water. Garnish and sweeten to taste. - TerraVita is an exclusive line of premium-quality, natural source products that use only the finest, purest and most potent ingredients found around the world. TerraVita is hallmarked by the highest possible standards of purity, potency, stability and freshness. All of our products are prepared with the highest elements of quality control, from raw materials through the entire manufacturing process, up to and including the moment that the bottles or bags are sealed for freshness and shipped out to you. Our highest possible standards are certified by independent laboratories and backed by our personal guarantee. - TerraVita exists to meet and ensure your family's health and wellness without the harmful effects of chemicals and health products. We strive to make all of our products affordable and rel
Value: 150.0
Unit: Count
",https://m.media-amazon.com/images/I/81xjAnwo1JL.jpg,93.46
20819,"Item Name: Lime Jalapeno Dandelion Root Tea (Loose) (8 oz, ZIN: 570613) - 2 Pack
Bullet Point 1: Our Lime Jalapeno Dandelion Root tea is a delicious naturally flavored Dandelion Root coffee substitute with Lime Peel, Jalapenos (Dried, Diced) and Green Bell Peppers that you will enjoy relaxing with anytime! The natural and caffeine-free Lime Jalapeno taste is delicious! - Ingredients: Dandelion Root, Lime Peel, Jalapenos (Dried, Diced), Green Bell Peppers and Natural Lime Jalapeno Flavor.
Bullet Point 2: No fillers.
Bullet Point 3: Manufacturer: TerraVita
Bullet Point 4: Size: 8 oz
Bullet Point 5: Loose Leaf Dandelion Root Tea - Packed in a convenient upright pouch!
Product Description: Our Lime Jalapeno Dandelion Root tea is a delicious naturally flavored Dandelion Root coffee substitute with Lime Peel, Jalapenos (Dried, Diced) and Green Bell Peppers that you will enjoy relaxing with anytime! The natural and caffeine-free Lime Jalapeno taste is delicious! - Ingredients: Dandelion Root, Lime Peel, Jalapenos (Dried, Diced), Green Bell Peppers and Natural Lime Jalapeno Flavor. - Hot tea brewing method: Bring freshly drawn cold water to a rolling boil. Place 1 teaspoon of tea for each desired cup into the teapot. Pour the boiling water into the pot, cover and let steep for 2-4 minutes. Strain and pour into your cup; add milk and natural sweeteners to taste. - Iced tea brewing method: (to make 1 liter/quart): Place 5 teaspoons of tea into a teapot or heat resistant pitcher. Pour 1 1/4 cups of freshly boiled water over the tea itself. Steep for 5 minutes. Fill a serving pitcher with 1/4 cold water. Strain and pour the tea into the serving pitcher Add ice and top up with cold water. Sweeten and garnish to taste. - TerraVita is an exclusive line of premium-quality, natural source products that use only the finest, purest and most potent ingredients found around the world. TerraVita is hallmarked by the highest possible standards of purity, potency, stability and freshness. All of our products are prepared with the highest elements of quality control, from raw materials through the entire manufacturing process, up to and including the moment that the bottles or bags are sealed for freshness and shipped out to you. Our highest possible standards are certified by independent laboratories and backed by our personal guarantee. - TerraVita exists to meet and ensure your family's health and wellness without the harmful effects of chemicals and health products. We st
Value: 16.0
Unit: Ounce
",https://m.media-amazon.com/images/I/81uaNMkOXJL.jpg,64.31
21545,"Item Name: Bush's Best Vegetarian Fat Free Baked Beans 16 oz (Pack of 12)
Bullet Point: High in fiber
Product Description: Dear friends: our company, which was founded in 1908 by my great-grandfather, a. j. bush, is proud to bring you this quality product. our baked beans are made from a secret family recipe that's been passed down and closely guarded by generations of the bush family. bush's baked beans are slow-cooked, using only the finest ingredients and the greatest of care, so that you can taste our secret family recipe in every bean. to us, that's more than a slogan...it's a promise, to bring the flavor of ou
Value: 192.0
Unit: Fl Oz
",https://m.media-amazon.com/images/I/411-Z1bRCkL.jpg,2.49
23604,"Item Name: Chips: 3 Complete Seasons, 1-3 DVD
Value: nan
Unit: None
",https://m.media-amazon.com/images/I/51x83GMGwoL.jpg,35.480000000000004
24380,"Item Name: Simply Organic Harissa Seasoning, 3.2 oz (91 g)
Bullet Point 1: HARISSA SEASONING - Simply Organic Harissa Seasoning is a tantalizing blend inspired by the iconic Tunisian hot sauce. Our organic creation is a garlic-kissed masterpiece, delivering a complex, smoky, curry-like flavor with a touch of invigorating spicy heat. Dive into the vibrant world of Harissa with this gorgeous, earthy-red blend that captures the essence of North African cuisine.
Bullet Point 2: BEST USES - Immerse your dishes in the rich and exotic flavors of North Africa by sprinkling our Harissa Seasoning. Perfect for adding a spicy kick to roasted vegetables, grilled meats, or couscous, this blend brings a depth of taste that elevates your culinary creations.
Bullet Point 3: SIMPLY ORGANIC BOTTLED SPICES - Elevate your daily dishes with Simply Organic Bottled Spices, where the pure, delicious flavor of our spices and seasonings bring the goodness of organics to everyday meals.
Bullet Point 4: GROWN FOR SOMETHING GREATER - Simply Organic works directly with sourcing partners whenever possible, paying fair prices directly to them, without a middleman, to maximize the grower's return. With Simply Organic you can feel good about the food on your table and its effect on the world we live in.
Bullet Point 5: ABOUT US - We are Simply Organic. The original, all-organic spice brand that lives up to the promise of our name in all we cultivate and bring to the table. We believe in nourishing lives and preserving the Earth for generations to come, all through inherently better food.
Value: 3.2
Unit: Ounce
",https://m.media-amazon.com/images/I/71RJ5KlOE0L.jpg,6.21
24711,"Item Name: Lavazza Gran Riserva Filtro Ground Coffee Dark Roast 8oz Brick (Pack of 20)
Bullet Point 1: 8oz Brick of Lavazza Gran Riserva Filtro (Pack of 20)Ground
Bullet Point 2: Dark roast
Bullet Point 3: 100% natural Arabica
Bullet Point 4: Dark and bold taste
Bullet Point 5: Cocoa and Caramel aromatic notes
Bullet Point 6: Blended and roasted in Italy
Bullet Point 7: Best used in drip coffee maker or French press
Bullet Point 8: Contains only Coffee
Value: 160.0
Unit: Ounce
",https://m.media-amazon.com/images/I/51qbeH+pNJL.jpg,129.28
25548,"Item Name: V8 Original 100% Vegetable Juice, 46 fl oz Can (12 Pack)
Bullet Point 1: Twelve (12) 46 fl oz cans of V8 Original 100% Vegetable Juice
Bullet Point 2: A satisfying alternative to other juices; made with concentrated tomato juice along with the juices of seven other vegetables
Bullet Point 3: Each 8 fl oz serving of this 100% juice contains 2 servings of vegetables and is an excellent source of Vitamins A and C
Bullet Point 4: Gluten free and non GMO veggie juice with no sugar added* (*Not a low calorie food; see nutrition panel for sugar and calorie content)
Bullet Point 5: An easy way to help get your daily recommended veggies; enjoy it as a breakfast drink, afternoon snack, or post workout drink
Value: 552.0
Unit: Fl Oz
",https://m.media-amazon.com/images/I/81dS4sVUNuL.jpg,5.640000000000001
31690,"Item Name: Pacific Natural Foods, Milk Soy Ult Plain, 32 Ounce
Bullet Point 1: 70%+ Organic
Bullet Point 2: Gluten Free
Bullet Point 3: Dairy Free
Bullet Point 4: Yeast Free
Bullet Point 5: Kosher
Product Description: With all the essential amino acids our bodies need, soy is a valued source of protein around the world. We've added a touch of sweetness and a whole lot of essential minerals and vitamins for a refreshing beverage that's as nutritious as it is delicious.
Value: 32.0
Unit: Ounce
",https://m.media-amazon.com/images/I/61TUe05ILAL.jpg,3.65
32380,"Item Name: Prince of Peace Ginger Green Tea, 4 Pack - 16 Tea Bags Each – Chinese Tea Bags – Green & Ginger Tea Bags – Prince of Peace – Herbal Tea – Ginger Green Tea Bag – Sugar Free Tea
Bullet Point 1: SWEET & SPICY. Prince of Peace Ginger Green Tea offers a hint of sweetness from Stevia and a warm, spicy aroma from ginger.
Bullet Point 2: ZERO CALORIE TEA. Enjoy the appealing aroma and exquisitely smooth taste of Prince of Peace Ginger Green Tea, which is sugar free and zero calories.
Bullet Point 3: PROPRIETARY BLEND. Prince of Peace Ginger Green Tea is formulated with a proprietary blend of ginger, green tea, licorice, and stevia.
Bullet Point 4: BREWING INSTRUCTIONS. Place one tea bag in a 6 fl. oz. mug and fill with hot water. Steep for at least 2 minutes.
Bullet Point 5: HIGH-QUALITY PRODUCTS. Since 1983, Prince of Peace has been committed to offering a selection of herbal tea products tested for safety and potency.
Value: 4.0
Unit: Count
",https://m.media-amazon.com/images/I/611eW3CFncL.jpg,27.95
32427,"Item Name: Wonderful Pistachios No Shells, Roasted & Salted Nuts, 6 Ounce Bag (Pack of 5), Protein Snacks, Gluten Free, Healthy Snack
Bullet Point 1: SIZE: Pack of 5 (6 Ounce) No Shells - Our Wonderful Pistachios (Pack of 5) 6 ounce bags makes snacking on-the-go, healthy snack tasty and easy. See nutrition information for fat content.
Bullet Point 2: FLAVOR: Roasted & Salted -A combination of fiber, protein and fat may help to curb hunger between meals in a healthy way.
Bullet Point 3: CALIFORNIA GROWN: Wonderful Pistachios grows all of its pistachios in California orchards, where we carefully tend and harvest using the latest in sustainable practices.
Bullet Point 4: HEALTHY SNACKING: Pistachios are a healthy, protein-powered addition to any gathering - from party to picnic. Pistachios are a healthy choice for snacking on-the-go and around the house. They make for a wonderful travel snack or office snack.
Bullet Point 5: SIMPLY WONDERFUL PISTACHIOS: Gluten Free, Plant Based Protein, Kosher Certified, Halal Certified, and Non-GMO Project Verified. Contains tree nuts (pistachios), a good source of copper and vitamin B6.
Value: 30.0
Unit: Ounce
",https://m.media-amazon.com/images/I/71r29TLnHnL.jpg,6.29
32496,"Item Name: Canola Oil, Refined, 32 oz.
Bullet Point: 32 oz.
Product Description: Use Spectum Naturals Canola Oil as an all purpose oil. Its neutral flavor lets the taste of other ingredients shine through. Expeller pressed without hexane or other harmful chemicals. Nitrogen packed to preserve freshness. Contains no trans fatty acids. No preservatives added. Suitable for light sauteing, baking, sauces, soups and salads.
Value: 6.0
Unit: Count
",https://m.media-amazon.com/images/I/51URJSAhxXL.jpg,20.93
35557,"Item Name: 1883 Maison Routin - Strawberry Syrup - Made in France - Glass Bottle | 1 Liter (33.8 ounces)
Bullet Point 1: CREATIVELY VERSATILE: Our Strawberry gourmet syrup is a great addition to a variety of coffee, cocktails, as well as dessert creations. Use it to add a splash of exciting flavor to your favorite hot or iced drink and strawberry-themed recipes.
Bullet Point 2: 1883 STRAWBERRY SYRUP ASSETS: No preservatives, Non-GMO, 100% Cane Sugar, No high fructose corn syrup, Vegan, Kosher, Halal, Dairy-Free and Allergen-Free. 1 Liter 33.8 Fl Oz Glass Bottle.
Bullet Point 3: PURE, HIGH-QUALITY SYRUP: For over 135 years, Maison Routin has delivered quality flavored syrup. From the heart of the French Alps, 1883 syrups have the authentic, pure flavor and aromatic intensity that is achieved only with the purest ingredients.
Bullet Point 4: OUR LEGACY: Since its founding in 1883, Maison Routin has cultivated its expertise in syrup-making to craft the most true-to-nature flavors. The 1883 syrup line has cultivated more than 120 flavors to inspire your creativity in each drink.
Bullet Point 5: MADE IN FRANCE: All 1883 syrups are created in their all-natural birthplace, the French Alps. Combining the pure water of the Alps, the flavor of alpine plants, and French expertise, our syrups ensures the same quality and consistency worldwide.
Product Description: <p>For over a century, the creations of Maison Routin have been enlisted to craft unique and exciting syrups to liven up an array of beverages and desserts. Each of our syrups is created in an aromatic blending process that ensures the quality of flavor, scent, and texture in our products. Our syrups are made with unfiltered, untreated water from the French Alps, and we only use cane sugar to bring out the natural sweetness our gourmet syrups are known for. The exceptional purity, authenticity, and intensity of our syrups have taken Maison Routin to over 80 countries around the world. Continuing to flourish in its natural birthplace in the French Alps, our Strawberry syrups are certified: vegan, kosher and halal, and do not contain gluten, allergens, dairy, high fructose corn syrup, GMOs and preservatives. The 1883 experience is one that awakens the senses—making each sip a sip to remember.</p>
Value: 33.8
Unit: Fl Oz
",https://m.media-amazon.com/images/I/61utvqmJ+yL.jpg,15.58
36733,"Item Name: YORK Peppermint Patties Miniatures (Gluten-Free Dark Chocolate Covered Mint Candy), 12 Ounce Bags (Pack of 4)
Bullet Point 1: Get the sensation with the delicious combination of cool refreshing peppermint and smooth dark chocolate
Bullet Point 2: Great for sharing and snacking
Bullet Point 3: 70% less fat than the average of the leading chocolate candy brands
Bullet Point 4: Individually wrapped
Bullet Point 5: Qualify as Gluten Free using Standards proposed by FDA
Value: 48.0
Unit: Ounce
",https://m.media-amazon.com/images/I/71y8OZnzUxL.jpg,4.44
37143,"Item Name: NOW Foods Dry Roasted & Salted Macadamia Nuts, 9-Ounce
Bullet Point 1: Non GMO Project Certified
Bullet Point 2: Source of FIber
Bullet Point 3: Gluten Free
Bullet Point 4: Paleo Friendly
Value: 9.0
Unit: ounce
",https://m.media-amazon.com/images/I/61cu4jEa64S.jpg,13.69
37313,"Item Name: Alto Grande Super Premium Coffee Ground 8.8 Ounces - 20 cans
Bullet Point 1: Twenty 8.8 ounce cans of Alto Grande Super Premium Puerto Rican Coffee (176 ounces total)
Bullet Point 2: Tasting profile: rare and exotic Puerto Rican coffee with full body chocolate undertones and a sweet pointed aroma
Bullet Point 3: Alto Grande, the coffee of Popes and Kings, elevates your coffee experience with an extraordinary aroma and intensity. Known as ""the very best"" because of its unique Arabica beans grown in ideal soil and climate conditions and processed to the most exact standards
Bullet Point 4: 100% Arabica Super Premium Ground Coffee
Bullet Point 5: Acclaimed in the Royal Courts of Europe and the Vatican in Rome, The Hacienda Alto Grande has been producing one of the world’s finest coffee since the early 19th century
Product Description: <p><b>Alto Grande Super Premium Coffee</b></p> <p>Alto Grande Super Premium Coffee is known as “the very best” because of its unique Arabica beans grown in ideal soil and climate conditions and processed to the most exact standards. The Hacienda Alto Grande was established in 1839 in the Buenos Aires and Santa Isabel sectors of Lares, Puerto Rico, and since the early 19th century has been producing one of the world’s finest coffee acclaimed in the Royal Courts of Europe and the Vatican in Rome.</p> <p>Alto Grande Arabica has the hard beans classification. Each Arabic tree only produces one pound of coffee a year; a limited production, but of an unsurpassable quality that makes our super premium coffee stand out – a coffee we safeguard very carefully from the time it is harvested until it is packed, keeping it as fresh as the same day it was roasted.</p> <p><b>Tasting profile:</b> Experts enthusiastically describe it as a “rare and exotic Puerto Rican coffee with full body chocolate undertones and a sweet pointed aroma”.</p>
Value: 176.0
Unit: Ounce
",https://m.media-amazon.com/images/I/91l6OWdw04L.jpg,18.99
39285,"Item Name: Pepper, Black Fine Grind - Certified Organic Fair Trade Certified, 16 oz,(Frontier) (Multi-Pack)8
Value: 128.0
Unit: Ounce
",https://m.media-amazon.com/images/I/51xDOJu24tL.jpg,31.26
40690,"Item Name: Jacobs Kronung Instant Coffee 7.05oz (200g) Kosher
Bullet Point 1: Jacobs
Bullet Point 2: Kronung
Bullet Point 3: Instant
Bullet Point 4: Coffee
Bullet Point 5: 7oz
Value: 7.05
Unit: Ounce
",https://m.media-amazon.com/images/I/71er+W+5lnL.jpg,18.785
41783,"Item Name: NOH Chinese BBQ Char Siu Seasoning
Bullet Point 1: Support Local Market
Bullet Point 2: The Perfect Choice
Bullet Point 3: Authentic and Delicious
Bullet Point 4: Fantastic Flavor
Bullet Point 5: Enjoy!
Product Description: Barbecue Seasonings
Value: 2.5
Unit: Ounce
",https://m.media-amazon.com/images/I/A1vh5XgLdqL.jpg,2.495
44636,"Item Name: NuGo Nutrition Fiber D'Lish Bar - Cinnamon Raisin 16 Bar(S)
Bullet Point 1: Product of United States of America
Bullet Point 2: Heart Healthy And Hunger Curbing
Bullet Point 3: Non-Gmo Project Verified
Value: 1.6
Unit: Ounce
",https://m.media-amazon.com/images/I/71WcxkRuCLL.jpg,24.79
45073,"Item Name: Doguet's Organic Long Grain White Rice 25lb
Bullet Point 1: Long Grain
Bullet Point 2: USDA Organic
Bullet Point 3: Kosher and Vegan
Bullet Point 4: Non-GMO
Bullet Point 5: Gluten Free
Product Description: Long grain rice has a long, slender kernel three to four times longer than its width. Due to its starch composition, cooked grains are more separate, light and fluffy compared to medium grain rice. STORAGE: Refrigerator or freezer storage is recommended for longer shelf life.
Value: 400.0
Unit: Ounce
",https://m.media-amazon.com/images/I/71uXB39IVkL.jpg,80.99
45735,"Item Name: VOSS Artesian water (Still) Bottle,16.91 Fl Oz (Pack of 24)
Value: 408.0
Unit: Fl Oz
",https://m.media-amazon.com/images/I/61cUXznrHmL.jpg,49.745000000000005
45960,"Item Name: Mariani – Philippine Mango – 4 oz Pouch – 3 Pack
Bullet Point 1: CONVENIENT PACKAGING – TouchLock Easy Seal keeps the dates fresh
Bullet Point 2: NUTRITION INFORMATION – Contains 35% vitamin A, 25% vitamin C, and 25% folate
Bullet Point 3: SNACKING MADE EASY – Perfect for on-the-go and stay-at-home snacking
Bullet Point 4: HEALTHY SNACK – Snack guilt-free and enjoy a happier healthier lifestyle with natural treats
Bullet Point 5: GREAT QUALITY – Picked at the height of sweetness giving a delicious flavor and natural sweetness
Value: 3.0
Unit: Pack
",https://m.media-amazon.com/images/I/31bxra4xDKL.jpg,13.95
49791,"Item Name: Arheon, Orzo Large (Rosmarino), 16 oz
Bullet Point 1: Support Local Market
Bullet Point 2: The Perfect Choice
Bullet Point 3: Authentic and Delicious
Bullet Point 4: Fantastic Flavor
Bullet Point 5: Enjoy!
Product Description: <p>100% Durum Wheat Semolina Pasta.</p>
Value: 1.0
Unit: Count
",https://m.media-amazon.com/images/I/512O6+OxqmL.jpg,4.82
50453,"Item Name: Food to Live Organic Cracked Rye Berries, 8 Pounds - Non-GMO. Crushed & Sifted Groats. Raw, Vegan, Kosher, Bulk. Broken Whole Grain, Great for Cereal & Porridge. Good Source of Fiber & Protein
Bullet Point 1: ✔️ ORGANIC & NON-GMO: Food to Live Crushed and Sifted Rye Groats are USDA Organic and Non-GMO. Moreover, they’re Kosher, Raw, and suitable for various diets including Vegan.
Bullet Point 2: ✔️ HIGHLY NUTRITIOUS: As a broken whole grain, Organic Cracked Rye Berries are an excellent source of fiber, protein, Iron, Potassium, B-group vitamins, and antioxidants namely Polyphenols. They’re also rich in Vitamin E, Selenium, Calcium, Phosphorous, and Magnesium.
Bullet Point 3: ✔️ VERSATILE USES: Use Organic Cracked Rye Berries in salads, stews, soups, pilaf, grain bowls, and baked goodies. Eat cooked rye as a sweet porridge or as a savory side dish.
Bullet Point 4: ✔️ EASY TO COOK: Cooking Organic Cracked Rye Berries is effortless and time-saving. Cook them on a stovetop for under 35 minutes in a 1:3 ratio to water.
Bullet Point 5: ✔️ PRODUCT OF THE USA: Crushed and Sifted Rye Groats by Food to Live are grown, processed, and packaged in the US.
Value: 128.0
Unit: Ounce
",https://m.media-amazon.com/images/I/8166wAGaQbS.jpg,24.99
53461,"Item Name: Juicy Mixes Crush- Powder Drink Mix - Sugar Free & Delicious (Strawberry, 72 Sticks)
Bullet Point 1: WANT TO TAKE YOUR FAVORITE CRUSH DRINK WITH YOU BUT LEAVE ALL OF THE SUGAR BEHIND?
Bullet Point 2: SUGAR & 10 OR FEWER CALORIES – These drink mixes are sugar free, offering a tasty way to stay hydrated while cutting the sugary drinks out of your family’s diet. Instead of sugary juice, drink flavored water. Instead of sugary soda, mix Crush into your SodaStream
Bullet Point 3: DRINK MORE WATER – Doctors recommend drinking 8 glasses of water per day. Staying hydrated helps with cardiovascular health, energy levels, brain function, weight loss, clear skin and so much more
Bullet Point 4: SATISFACTION GUARANTEE-- If you are not totally satisfied with your order, just message us directly and we will refund your order. Crush drink mixes were created by our family business to make staying hydrated fun.
Product Description: Drink mix.
Value: 7.61
Unit: Ounce
",https://m.media-amazon.com/images/I/81-5B0-nB1L.jpg,25.99
54586,"Item Name: Food to Live Long Grain White Rice, 3 Pounds Raw, Vegan, Kosher. Easy to Cook. Stays Separate and Fluffy. Rich in Iron and Low in Fat. Great as Side Dish. Perfect for Stuffing, Pilafs, and Salads
Bullet Point 1: ✔️ PREMIUM QUALITY & KOSHER: Food to Live Long Grain White Rice is 100% Raw, certified Kosher, and vegan-friendly. Besides, it’s trans-fat and cholesterol-free.
Bullet Point 2: ✔️ HIGHLY NUTRITIOUS: This rice variety is a great source of protein and carbs, therefore, it will keep you energized for a while. It also contains Folate, Calcium, Niacin, Magnesium, Selenium, Zinc, Phosphorus, and Vitamin B6.
Bullet Point 3: ✔️ VERSATILE USES: Long Grain White Rice is an amazing pantry staple that has an endless number of uses. Use it for pilaf, curries, rice bowls, stir-fries, or serve it as a side dish with stews, sauces, beans, meat, fish, or veggies.
Bullet Point 4: ✔️ QUICK AND EASY TO COOK: You can prepare this rice either in an open or a closed pot with minimal effort. Perfect for big families!
Bullet Point 5: ✔️ WHITE BASMATI AND WHITE JASMINE RICE SUBSTITUTE: Long Grain White Rice has a very similar taste and texture to White Basmati and White Jasmine varieties, thus, can be used as an alternative.
Value: 48.0
Unit: Ounce
",https://m.media-amazon.com/images/I/81Vj11pn-3L.jpg,15.0
59416,"Item Name: Frooties Mega Mix - 450 Pieces Assorted Fruit Flavor Chewy Candy - Over 3 lb. Bag of Bulk Treats - 50.06 oz
Bullet Point 1: A Rainbow of Frooties candy perfect for theme parties like high school pep rallys, parades, birthday parties, Weddings, candy buffets, baby showers, and more!
Bullet Point 2: Product Note: Exposure to heat or sunlight may lead to melting/damage of product. Hence customers are expected to be available during the product delivery
Bullet Point 3: Great value for a Giveaway to trick or treaters at Halloween
Bullet Point 4: Frooties are only 11 calories per piece, and are kosher, Gluten Free, and peanut free.
Bullet Point 5: This Frooties bag contains a mix of five of our most popular flavors, Blue Raspberry, Green Apple, Grape, Fruit Punch, Strawberry
Bullet Point 6: Make sure to try all 10 frooties flavors including: Fruit Punch, Grape, Strawberry, Green Apple, Blue Raspberry, Watermelon, Strawberry Lemonade, Lemon Lime, Cherry Limeade, and Mango!
Value: 50.1
Unit: Ounce
",https://m.media-amazon.com/images/I/81Xb8vmkijL.jpg,31.28
63331,"Item Name: Tic Tac Flavor Variety Pack, Bulk 12 Pack, On-The-Go Refreshment, 1 oz Each
Bullet Point 1: TIC TAC VARIETY PACK: Taste the best that Tic Tac has to offer with this variety pack! Each Freshmint, Orange and Fruit Adventure Tic Tac mint in these 12 1-ounce packs has 100 layers of delicious flavor that's sure to satisfy
Bullet Point 2: TRY EVERY FLAVOR: Tic Tac is an iconic brand of beloved mints. From minty to fruity flavors, you have a variety to choose from in this special pack, including Orange, Freshmint and Fruit Adventure
Bullet Point 3: A TASTE TO LOVE: Enjoy Tic Tac mints infused with explosive taste, plus these gluten-free mints are refreshing and GMO-free
Bullet Point 4: FULL OF FUN FLAVORS: Each flavored Tic Tac mint in this variety pack is ready to give much-needed, satisfying taste in any moment. Enjoy them as after-dinner mints or give them as mint gifts
Bullet Point 5: MINTS ON THE GO: The portable pack fits perfectly in your pocket or purse—great for on-the-go sharing and refreshment, like mints for after coffee
Value: 12.0
Unit: Ounce
",https://m.media-amazon.com/images/I/815Or8lmmrL.jpg,26.79
63847,"Item Name: LIFE SAVERS Wint-O-Green Breath Mint Hard Candy, Family Size, 23.3 oz Bag
Bullet Point 1: Contains one (1) 23.3-ounce family size bags of LIFE SAVERS Wint O Green Mint Candy
Bullet Point 2: Filled with icy wintergreen flavor, LIFE SAVERS Mints are a hole lot of fun
Bullet Point 3: Keep your breath fresh with the refreshing taste of LIFE SAVERS Mints
Bullet Point 4: LIFE SAVERS mints are great for the breakroom or the reception desk
Bullet Point 5: Stock up on your favorite mints for the home or office
Value: 23.3
Unit: Ounce
",https://m.media-amazon.com/images/I/81Uw531a72L.jpg,5.09
67318,"Item Name: Divina Organic Greek Olive Mix, 6.3 Ounce
Bullet Point: Divina Organic Greek Olive Mix, Vegan, 6.3 Ounces (Pack Of 6)
Value: 6.3
Unit: Ounce
",https://m.media-amazon.com/images/I/8181jqi0VuL.jpg,37.34
71412,"Item Name: SunChips Minis, Harvest Cheddar Whole Grain Chips, 3.75 oz Canister
Bullet Point 1: Includes 1 (3.75 oz) canister of SunChips Minis, Harvest Cheddar flavored Whole Grain Chips
Bullet Point 2: SunChips Minis Harvest Cheddar: Made with 18g Whole Grains per serving, no artificial flavors, and 25% less fat than regular potato chips*
Bullet Point 3: SunChips Harvest Cheddar Minis: Your favorite snacks now in mini size​
Bullet Point 4: Frito-Lay Minis are the biggest thing to ever happen to bite-sized chips. We took your favorite snacks and shrunk them down to a size you’ll want to take everywhere you go.​
Bullet Point 5: *Regular Potato Chips Contain 10g Of Fat Per 1 Oz. Serving. SunChipsⓇ Minis Harvest CheddarⓇ Flavored Whole Grain Snacks Contain7g Of Fat Per 1 Oz Serving.
Value: 3.75
Unit: Ounce
",https://m.media-amazon.com/images/I/71hmf-1ZWZL.jpg,3.19
71747,"Item Name: Better Than Bouillon Culinary Collection Base, Smoky Chipotle Base, Contains 38 Servings Per Jar, 8-Ounce Glass Jar (Pack of 6)
Bullet Point: Better Than Bouillon Culinary Collection Base, Smoky Chipotle Base, Contains 38 Servings Per Jar, 8-Ounce Glass Jar (Pack of 6)
Value: 48.0
Unit: Ounce
",https://m.media-amazon.com/images/I/910-MAOEzUL.jpg,36.83
72552,"Item Name: Stretch Island Fruit Leather Snacks Variety Pack, Cherry, Apple, Strawberry, Apricot, Grape, Raspberry, 0.5 Ounce No Added Sugar (Pack of 50) 24.7 Ounce
Bullet Point 1: No Sugar Added
Bullet Point 2: Gluten Free
Bullet Point 3: Kosher
Bullet Point 4: 50 Pack
Bullet Point 5: Same Taste New Packagibng
Product Description: New Packaging, Same Great taste Stretch Island Fruit Leather Snacks Variety Pack, Cherry, apple, strawberry, apricot, grape, raspberry, 0.5 Ounce (Pack of 50) 50 Fruit Leathers Gluten-free Kosher 0 sugar added
Value: 24.7
Unit: Ounce
",https://m.media-amazon.com/images/I/71X9SK-S1dL.jpg,26.73
74921,"Item Name: Fun & Delish Caramel Chocolate Popcorn by Its Delish, 8 Oz Bulk Bag - Festive Caramel and Chocolate Sweet Crunchy Popcorn Topped with Sprinkles of White Nonpareils - Air popped, Vegan, Kosher
Bullet Point 1: 🍿 DELICIOUS GOURMET CARAMEL POPCORN – Try some delicious caramel flavored popcorn, oh so sweet and crunchy, perfect for daily snacking and midnight crave. - When sealed will stay fresh for over a month! YIELDS: Approx. 2 oz. per cup.
Bullet Point 2: 🍿 SNACKING, GIFTING, PARTYING – Our scrumptious fresh popcorn can serve every purpose in the candy aisle. These sweet crunch toffee snacks are deliciously sweet and crunchy snack, at the same time alongside will satisfy your inner cravings. Stock up today and enjoy!
Bullet Point 3: 🍿 FRESHLY POPPED POPCORN – Our caramelized candy style popcorn is diet-friendly to take care of your good health. Deliciously coated popcorn come with multiple advantages in terms of health and diet. Our gourmet popcorn is first air-popped, not oil or kettle cooked, bringing you a much healthier popped corn.
Bullet Point 4: 🍿 GREAT FOR SNACKING ON AND ALSO MAKES A GREAT GIFT – Crunchy Caramel Coated Popcorn are the best snacks for parties’ like: birthday party, holiday parties or other social or family events. These are healthy, rich, and tasty enough to lighten up your gathering and parties. Moreover, you can also have them as instant snacks in your office, college, school, and travel. A classic delight!
Bullet Point 5: 🍿 CERTIFIED KOSHER OU PARVE: Our caramel popcorn is vegan, non-dairy and proudly made in the USA. We value and care for our customers, and your well-being is our top priority. Expect nothing less when it comes to the freshness, flavor, and crunch of this popcorn. Order from the popcorn factory direct and taste the fun!
Product Description: <p><b> Gourmet Caramel Fun & Delish Popcorn with Dark Chocolate Drizzle Glaze, topped by sprinkles of white nonpareils by It's Delish, 8 Oz Bulk Bag</b></p> <p>Treat yourself or make your party a hit with our delicious gourmet caramel corn popcorn with dark chocolate drizzle glaze and topped by sprinkles of colorful nonpareils. Our gourmet popcorn is first air-popped, not oil or kettle cooked, bringing you a much healthier popped corn. They then get candy coated with our caramelized topping by our popcorn experts.</p> <p>Our caramel pop corn is kosher, gluten-free, vegan, non-dairy and proudly made in the USA. Stock up in bulk to have in the house for a late night snacking crave or keep at your office desk to munch on. They are fresh, sweet and crunchy. They will also make for festive great party favors or candy buffet sweet table at your next event, birthday parties, wedding and baby shower etc. Impress them with an eye-catching treat! Bon Apetit!</p> <p><b>About It's Delish!</b></p><p>It's Delish was established in 1992 and is located in North Hollywood, California. It's Delish is a food manufacturer and distributor who produces over 500 gourmet food products including popcorns, licorice, sour belts, taffies, caramels, Jordan almonds, chocolates, nuts, fruits, trail mixes, spices, and the spice blends. It's Delish also produces organics and all-natural products. We give you the opportunity to order from the factory direct!</p><p>It's Delish! prides itself on the four pillars that are at the foundation of everything we do.</p><p>Innovation Quality Value Service
Value: 1.0
Unit: Ounce
",https://m.media-amazon.com/images/I/618Jjj61vIL.jpg,18.99
79303,"Item Name: Satin Ice Fondant for Cake Decorating, White (10 Pound)
Bullet Point 1: EXCELLENT TASTE: Enhanced with premium vanilla & chocolate flavors that complements various cake flavors without overpowering. Satin Ice is the #1 fondant for cake decorators and artists world-wide; This is the fondant to use when a cake needs to look and taste just right
Bullet Point 2: PROFESSIONAL QUALITY & WORKABILITY: Rolls thin and delivers a smooth, flawless finish every time, making it the choice for cake decorators and bakers. Exceptional workability makes Satin Ice fondant easy for anyone to use to make incredible cakes for any occasion.
Bullet Point 3: ALLERGEN FREE & KOSHER PAREVE: Satin Ice Fondant is Dairy Free, Gluten free, Nut Free, Soy Free, Certified Kosher, Halal and Vegan Friendly to accommodate dietary restrictions.
Bullet Point 4: DESIGNED FOR COVERING & DECORATING: Use Satin Ice Fondant to cover desserts, mold it into unique toppers, or cut out different shapes to decorate festive cakes, cupcakes, cookies, and so much more!
Bullet Point 5: VIBRANT & CUSTOMIZABLE COLORS: Available in a range of colors and easy to mix for creating custom shades.
Product Description: Satin Ice Buttercream Icing Mix This frosting base is fully customizable and easy to use. Only two ingredients are needed to whip up an icing that is high-quality and authentic in taste, texture, and look! Storage Store sealed airtight at ambient temperature between 68°F and 80°F (20°C and 27°C). This frosting base is fully customizable and easy to use. Only two ingredients are needed to whip up an icing that is high-quality and authentic in taste, texture, and look! Minimal Equipment and Ingredients Needed Using a touch of water and butter (or butter alternative of choice) this buttercream frosting can be mixed up in 2 minutes! Just combine softened butter, water and icing mix using an electric or hand mixer until incorporated. Easily Achieve Wonderful Results Adjust the amount of water for a more firm, medium, or soft frosting that beautifully transitions from piping to flower work to filling. Suitable for all Dietary Needs The recipe can be tailored to fit different tastes or dietary restrictions. Replace butter with a vegan alternative or use coconut milk in place of water for a tropical twist. Vegan, gluten free, diary free, nut free, non-PHO, and Kosher Pareve. Endless Inspiration Tutorials, inspiration and more at www.satinice.com
Value: 160.0
Unit: Ounce
",https://m.media-amazon.com/images/I/71DaV63aS8L.jpg,47.290000000000006
79536,"Item Name: Bigelow Tea Earl Grey Black Tea Bags 20-Count Box (Pack of 6), Caffeinated 120 Tea Bags Total
Bullet Point 1: Classic Earl Grey: Start your morning with the aromatic and robust flavor of Earl Grey tea; It is a hand-picked black tea delicately blended with real oil of bergamot from Calabria, Italy
Bullet Point 2: Individually Wrapped: Bigelow Tea always come individually wrapped in foil pouches for peak flavor, freshness and aroma to enjoy everywhere you go; Gluten-free, calorie-free, and Kosher Certified
Bullet Point 3: Try Every Flavor: There's a tea for morning, noon, and night time relaxation; Try our English Breakfast, Vanilla Chai, antioxidant Green Tea, decaffeinated teas, organic teas and a variety of our herbal tea bags
Bullet Point 4: Blended and Packaged in the USA: In 1945 Ruth Campbell Bigelow created our first tea, Constant Comment, a strong, flavorful black tea blended with aromatic orange peel and sweet warming spices; Today, Bigelow is still 100 percent Family Owned
Bullet Point 5: Uncompromised Quality: Since 1945, Bigelow Tea has been a leader in premium tea and proud to be a Certified B Corporation - meeting the highest verified standards of social and environmental performance, transparency and accountability
Value: 20.0
Unit: COUNT
",https://m.media-amazon.com/images/I/81lSRBqRRQL.jpg,3.69
80386,"Item Name: REESE'S Milk Chocolate Peanut Butter King Size, Halloween Pumpkins Candy 2-Pack, 2.4 oz
Bullet Point 1: Contains one (1) 2.4-ounce King-Size 2-pack of REESE'S Milk Chocolate Peanut Butter Pumpkins Candy
Bullet Point 2: Make Halloween and fall festivities more fun, whether you're trick-or-treating or carving pumpkins with REESE'S pumpkin-shaped peanut butter candies
Bullet Point 3: Certified kosher peanut butter pumpkin REESE'S candies in a decorative Halloween candy 2-pack
Bullet Point 4: Unwrap REESE'S candies during Sunday night football games, retirement parties, lunch breaks and birthday celebrations
Bullet Point 5: Have your Halloween candy bowls ready with REESE'S milk chocolate peanut butter sweets for trick-or-treaters and costume party guests
Value: 2.4
Unit: Ounce
",https://m.media-amazon.com/images/I/61OA5tkm4JL.jpg,3.61
83170,"Item Name: LorAnn Bourbon SS Flavor, 1 ounce bottle
Bullet Point 1: In 1964, a congressional resolution declared bourbon whiskey “America’s Native Spirit”. Our Bourbon flavor is a unique flavor resembling the sweet, oaky flavor of bourbon whiskey without the kick.
Bullet Point 2: In 1964, a congressional resolution declared bourbon whiskey “America’s Native Spirit”. Our Bourbon flavor is a unique flavor resembling the sweet, oaky flavor of bourbon whiskey without the kick.
Bullet Point 3: A little goes a long way! LorAnn’s super strength flavors are three to four times the strength of typical baking extracts. Featured in One Flavor Five Ways (Walnut Bourbon Balls, BBQ Sauce, Candied Pecans, Fudge, Bourbon Pumplin Bread).
Bullet Point 4: A Dram is a small bottle that is the perfect size for 1 batch of homemade Hard Tack Candy (.125 fl oz approximately 1 teaspoon) Love the flavor and need a larger size? Most of the 100+ Super Strength flavors are availble in larger sizes. 1 ounce bottle contains approximately 6 teaspoons. -- 4 ounce bottle contains approximately 24 teaspoons -- 16 ounce and gallon are also available.
Bullet Point 5: Typical uses: hard candy, general candy making, cakes, cookies, frosting, ice cream and a wide variety of other baking and confectionery applications. Note: When substituting super strength flavors for extracts, use ¼ to ½ teaspoon for 1 teaspoon of extract.
Bullet Point 6: Kosher - Gluten Free - Made in USA
Value: 1.0
Unit: Ounce
",https://m.media-amazon.com/images/I/51J1bfzTDgL.jpg,10.0
83423,"Item Name: Kozy Shack Rice Pudding - 6 CT
Product Description: Kozyshack Original Recipe Rice Pudding. Made with simple, wholesome ingredients. Gluten free. 6 - 4 oz (113g) snack cups.
Value: nan
Unit: None
",https://m.media-amazon.com/images/I/41w8WaChFPL.jpg,4.13
83527,"Item Name: Unique Extra Salt Pretzel Splits, 11 Oz (Pack of 2)
Value: 22.0
Unit: Ounce
",https://m.media-amazon.com/images/I/81E3MJEd1JL.jpg,10.695
84525,"Item Name: Whole, Shelled & Dry Roasted Georgia Pecans With Himalayan Salt (1 Lb.) - Small Batch Roasted - Vegan & Keto Friendly - Healthy Southern Tastiness - Farm Fresh Nuts Brand
Value: 16.0
Unit: Ounce
",https://m.media-amazon.com/images/I/61Gyb7AkKHL.jpg,26.49
84680,"Item Name: Mrs. Wages Hot Salsa Tomato Seasoning Mix, 4 Oz. Pouch
Product Description: Enhance your fresh or canned tomatoes.
Value: 4.0
Unit: Ounce
",https://m.media-amazon.com/images/I/71ARgxZKuUL.jpg,5.135
86892,"Item Name: Munchies Snack Mix, Cheese Fix, 1.75 Ounce (Pack of 64)
Bullet Point 1: 64 count of 1.75 oz. Bags of munchies snack mix cheese fix
Bullet Point 2: Easy snack bags for on-the-go, work, school, or travel snacking
Bullet Point 3: Deliciously cheesy and fun snack mix
Bullet Point 4: Includes sun chips, Doritos, rold gold and Cheetos snacks
Value: 10752.0
Unit: Ounce
",https://m.media-amazon.com/images/I/91qxWYQjqML.jpg,47.15
92661,"Item Name: Ritter Sport Butter Biscuit 100 g (Pack of 5)
Value: 17.5
Unit: Ounce
",https://m.media-amazon.com/images/I/61wMQhU-zFL.jpg,20.14
92843,"Item Name: Club House Poutine Gravy Mix 42g (3 Pack)
Bullet Point 1: 3 Packs Club House Poutine Gravy Mix 42g
Bullet Point 2: Imported from Canada
Product Description: Club House Poutine Gravy Mix 42g (3 Pack). Imported from Canada 3 Packs Club House Poutine Gravy Mix 42g. Imported from Canada
Value: 4.41
Unit: Ounce
",https://m.media-amazon.com/images/I/61GgAuldq4L.jpg,9.99
93431,"Item Name: Herr's Peanut Butter Filled Pretzel Barrel, 24 Oz
Bullet Point 1: Sweety salty
Bullet Point 2: Crunchy filled
Bullet Point 3: Crunchy
Value: 24.0
Unit: Ounce
",https://m.media-amazon.com/images/I/91Ep+ueyfpL.jpg,9.745
95219,"Item Name: Burt's Guinness Rich Chili Thick Cut Potato Chips, 5.3 Ounce
Bullet Point 1: Packed with the amazing and familiar flavor of Guinness with rich, deep layers of authentic flavor
Bullet Point 2: MSG Free
Bullet Point 3: No artificial flavors or colors
Bullet Point 4: No hydrogenated or trans fats
Bullet Point 5: Suitable for vegetarians and vegans
Value: 5.3
Unit: oz
",https://m.media-amazon.com/images/I/71hR9rW2G3L.jpg,15.59
95705,"Item Name: PapaNicholas Coffee 25184 Premium Coffee, Breakfast Blend, 18/Carton
Value: 52.8
Unit: Ounce
",https://m.media-amazon.com/images/I/71OpnoLstzL.jpg,44.42
96261,"Item Name: Stash Tea Decaf Chai Spice Tea, 18 Count Tea Bags (Pack of 6) by Stash Tea
Value: 108.0
Unit: Count
",https://m.media-amazon.com/images/I/41YiG7PGbwL.jpg,41.24
97915,"Item Name: Colgate Total Gum Health Mouthwash- Clean Mint - 33.8 oz
Bullet Point: Total gum health MW 1L cs spa clean Mt
Value: 33.8
Unit: Fl Oz
",https://m.media-amazon.com/images/I/71jO7DYTvfL.jpg,6.69
100250,"Item Name: Premium | VEGETABLE Seasonings | Variety 2 Pack | Large Shakers | Sour Cream & Onion Vegetable Seasoning | Ranch Vegetable Seasoning | Crafted in Small Batches
Bullet Point 1: Introducing our Vegetable Seasoning Variety 2-Pack, a dynamic duo of flavors crafted to enhance the natural taste of your favorite vegetables. From the tangy goodness of Sour Cream & Onion to the classic ranch flavor, these seasonings will take your veggie dishes to new heights of deliciousness.
Bullet Point 2: 🥦 Sour Cream & Onion Vegetable Seasoning: Elevate the flavor of your veggies with our Sour Cream & Onion Vegetable Seasoning. Bursting with tangy sour cream and aromatic onion, this seasoning adds depth and richness to your dishes, turning even the simplest veggies into a gourmet treat. It's the perfect way to add a savory kick to your vegetable dishes.
Bullet Point 3: 🌱 Ranch Vegetable Seasoning: Experience the classic taste of ranch with our Ranch Vegetable Seasoning. Made with a blend of herbs and spices, including garlic, dill, and parsley, this seasoning adds a burst of savory flavor to your vegetables. Whether you're roasting, grilling, or steaming, it's the perfect accompaniment to a wide variety of veggies.
Bullet Point 4: 🍽️ Versatile Usage: Whether you're cooking up a batch of roasted Brussels sprouts, sautéing a medley of mixed vegetables, or grilling some zucchini skewers, our seasonings are the perfect way to add flavor to your dishes. Simply sprinkle them over your veggies before cooking for an instant boost of deliciousness.
Bullet Point 5: 👩‍🍳 Easy to Use: Our seasonings are incredibly easy to use—just sprinkle them over your vegetables and toss to coat evenly before cooking. With their convenient format, you can enjoy flavorful vegetable dishes with minimal effort and maximum flavor.
Bullet Point 6: 🎉 Perfect for Every Meal: Whether you're preparing a healthy dinner for the family or whipping up a quick side dish for lunch, our Vegetable Seasoning Variety 2-Pack is sure to please. With its delicious flavors and versatile usage, it's the ultimate seasoning solution for vegetable lovers everywhere.
Bullet Point 7: Enhance the flavor of your veggies with our Vegetable Seasoning Variety 2-Pack. With its delicious flavors and easy-to-use format, it's the perfect way to make healthy eating delicious and enjoyable. 🥦🌱🍽️
Bullet Point 8: A double FRESHNESS seal is applied to FRESH ingredients immediately after blending for maximum flavor and zest.
Bullet Point 9: TASTE the PREMIUM difference!
Bullet Point 10: Buy today and enjoy! Gluten free. No MSG. Sturdy 5.5 fl. oz. BPA free shaker bottle with sift options and a flavor lock cap.
Product Description: Introducing our Vegetable Seasoning Variety 2-Pack, a dynamic duo of flavors crafted to enhance the natural taste of your favorite vegetables. From the tangy goodness of Sour Cream & Onion to the classic ranch flavor, these seasonings will take your veggie dishes to new heights of deliciousness.
Value: 11.0
Unit: Ounce
",https://m.media-amazon.com/images/I/91CqqnZUP5L.jpg,16.88
103249,"Item Name: Badia Oregano Ground, 1.5 Oz (Pack Of 8)
Bullet Point 1: Great flavor
Bullet Point 2: Kosher
Bullet Point 3: All purpose Seasoning
Bullet Point 4: Number of items: 8
Value: 12.0
Unit: Ounce
",https://m.media-amazon.com/images/I/813F+hYC+hL.jpg,23.99
105713,"Item Name: Pecan Nation All Natural Unsalted Pecan Halves 8 oz., No preservatives, Antioxidant-Rich, Low Carb, Healthy Nut Snack for Adults and Kids
Bullet Point 1: Our signature fresh pecans are so perfectly plump and naturally sweet you won’t believe how delicious they taste. Grown with extra TLC, from our trees to your mouth, with love
Bullet Point 2: These healthy snacking nuts are high in antioxidants, loaded with essential vitamins and minerals, packed with fiber and naturally occurring heart health benefits
Bullet Point 3: Our signature fresh pecans are grown, harvested, shelled and roasted by 5th-generation farmers who know exactly what it takes to bring you the most flavorful pecans around
Bullet Point 4: Pecans are perfect for the health enthusiast and snack lover in all of us
Bullet Point 5: Our USA-grown pecans are America's supernut
Product Description: The right snack can give you the energy you need to power through the day. If you want a healthy snack that's kind to your body, consider natural pecans from Pecan Nation. These shelled pecans have a buttery taste and satisfying texture. With different sized packages available, you can buy these unflavored pecans in bulk to share with friends or pack a small bag just for you. These pecans are grown in Georgia in orchards over 100 years old to ensure you receive nuts that taste and look great. After harvest, the fresh pecans are dried to the right moisture level to prevent spoilage. They are carefully cracked, cleaned and packaged. When these nuts arrive at your doorstep, you can enjoy the flavor generations of dedicated cultivation creates. Enjoy pecans by themselves or add them to your favorite recipes. In addition to great flavor, these nuts provide plenty of nutrients, including: Magnesium: As a magnesium-rich food, pecans provide nearly 10% of your daily recommended magnesium intake in one serving. This essential mineral helps build strong bones, regulate blood pressure and maintain proper nerve function. Fiber: A fiber-rich diet helps support heart and colon health. Pecans are full of fiber, making it easy to add more of this plant-based nutrient to your diet. Antioxidants: Pecans are also antioxidant-rich nuts. Snacking on these nuts provides the nutrients your body needs to combat oxidation in your cells. Unsaturated fats: The unsaturated fats in these heart-healthy nuts can help keep cholesterol under control. Low carbs: Pecans contain fewer carbs than other nuts. These diet nuts make the perfect low-carb snack or keto-friendly food. The health benefits of pecans mean you can feel comfortable making them your new post-workout snack. Whether you eat natural pecans straight out of the bag or use them to top a salad, you'll love how flavor and health go hand in hand.
Value: 8.0
Unit: Ounce
",https://m.media-amazon.com/images/I/71nQGhs8E+L.jpg,12.0
106194,"Item Name: Macarons Strawberry 12 Pack French Macarons, Gourmet Cookie Gift Box, Macaroon
Bullet Point 1: Elegantly Packaged for Thoughtful Gifting: Our macarons are beautifully arranged in a stylish box, making them an excellent choice for special occasions.
Bullet Point 2: Versatile Gift Idea for Any Celebration: Whether it's a birthday, anniversary, or a simple gesture of appreciation, our macarons make a delightful present for a wide range of occasions.
Bullet Point 3: Ensuring Freshness Every Step of the Way: We take great care in packaging your macarons with multiple layers of cushioning to preserve their flavor during shipping. For optimal taste, refrigerate upon arrival or store in the freezer and remove 30 minutes before serving.
Bullet Point 4: Crafted with Premium Ingredients: Each macaron is handcrafted using carefully selected, natural ingredients. We pride ourselves on sourcing the finest ingredients from around the world to create a truly tempting taste experience.
Bullet Point 5: Irresistible Array of Flavors: Explore our macarons and indulge your taste buds in a delightful variety of flavors.
Product Description: Experience the delightful combination of flavors with our Box of 12 Strawberry Macarons. These French macarons are meticulously crafted, featuring meringue-like cookies with a satisfying crunch on the outside and a moist, cake-like interior. Each macaron is thoughtfully filled with a variety of creamy and exotic flavors that are sure to please your palate. We take great care in sourcing high-quality ingredients from trusted suppliers around the world to ensure the best taste and quality. Our macarons come in an array of beautiful colors, adding an elegant touch to any occasion. Whether you're celebrating a special event or simply craving a sweet treat, our macarons are a delightful choice. These macarons are perfect for sharing moments of joy with your loved ones. Whether you're hosting a small gathering or a larger celebration, they make a delightful addition to any table. Indulge in the subtle flavors and delicate textures that our macarons offer, providing a truly enjoyable experience for all.
Value: 1.0
Unit: Count
",https://m.media-amazon.com/images/I/61OYyRWPBKS.jpg,29.95
106635,"Item Name: Aiva Turmeric Root Ground Powder Spice (5 LB Bulk) | Haldi with High Curcumin Content | Salt-Free, Pure, Vegan, Indian Origin
Bullet Point 1: 𝗣𝗥𝗘𝗠𝗜𝗨𝗠 𝗧𝗨𝗥𝗠𝗘𝗥𝗜𝗖 𝗣𝗢𝗪𝗗𝗘𝗥: Aiva Turmeric Root Ground Powder is sourced from high-quality turmeric roots, delivering a bold golden hue and earthy aroma, perfect for enhancing a wide range of dishes.
Bullet Point 2: 𝗩𝗘𝗥𝗦𝗔𝗧𝗜𝗟𝗘 𝗦𝗣𝗜𝗖𝗘 𝗙𝗢𝗥 𝗖𝗢𝗢𝗞𝗜𝗡𝗚: Use in curries, soups, rice, marinades, and stews for a rich, warm flavor. It’s also ideal for lattes, teas, and smoothies to add an extra layer of spice to your favorite recipes.
Bullet Point 3: 𝗛𝗜𝗚𝗛 𝗖𝗨𝗥𝗖𝗨𝗠𝗜𝗡 𝗖𝗢𝗡𝗧𝗘𝗡𝗧: Known for its vibrant color and strong aroma, this turmeric powder contains a higher curcumin concentration, making it perfect for those who love authentic, bold flavors in their cooking.
Bullet Point 4: 𝗦𝗔𝗟𝗧-𝗙𝗥𝗘𝗘 𝗔𝗡𝗗 𝗣𝗨𝗥𝗘: Our turmeric powder is free from additives and salt, making it an essential ingredient for those seeking to create balanced and flavorful homemade spice blends.
Bullet Point 5: 𝗜𝗗𝗘𝗔𝗟 𝗙𝗢𝗥 𝗚𝗟𝗢𝗕𝗔𝗟 𝗖𝗨𝗜𝗦𝗜𝗡𝗘𝗦: Whether you're preparing Indian curries, Middle Eastern dishes, or experimenting with fusion recipes, Aiva Turmeric Powder is a must-have spice that brings depth and authenticity to your cooking.
Product Description: 𝗣𝗥𝗘𝗠𝗜𝗨𝗠 𝗧𝗨𝗥𝗠𝗘𝗥𝗜𝗖 𝗣𝗢𝗪𝗗𝗘𝗥: Aiva Turmeric Root Ground Powder is sourced from high-quality turmeric roots, delivering a bold golden hue and earthy aroma, perfect for enhancing a wide range of dishes.
Value: 1.0
Unit: Count
",https://m.media-amazon.com/images/I/817Fz11gQfL.jpg,24.95
107699,"Item Name: Bob's Red Mill Gluten Free Old Fashion Rolled Oats, 32-ounce (Pack of 4)
Bullet Point 1: WHOLE GRAIN GOODNESS: Our Gluten Free Old Fashioned Rolled Oats make a deliciously hearty, whole grain cereal that gives you lasting energy
Bullet Point 2: GLUTEN FREE: To assure the integrity of our gluten free products, we’ve built a separate 100% gluten free facility and batch test in our quality control laboratory using an ELISA Gluten Assay test
Bullet Point 3: GOOD SOURCE OF FIBER: One serving provides 18% of your daily value
Bullet Point 4: NON-GMO: Non-GMO Project Verified; we’ve always been committed to sourcing raw materials that are not modified through genetic engineering
Bullet Point 5: BOB'S RED MILL: Make folks a little happier: it’s the idea that keeps our stone mills grinding to fill every bag with wholesome goodness
Value: 128.0
Unit: Ounce
",https://m.media-amazon.com/images/I/81KL5C387-L.jpg,38.92
108176,"Item Name: BASSO 1904 - Infused Extra Virgin Olive Oil Gift Box Set, First Cold Pressed, Variety Pack, 4 bottles x 8.5 fl.oz (250ml), Naturally Infused for Dipping & Tasting
Bullet Point 1: Each Bottle is naturally infused with Italian grown spices
Bullet Point 2: Our Company owns an in-house laboratory in order to make sure that a careful quality control is implemented throughout the entire production process, from the oil purchase, to the constant monitoring of packaged products until their expiry date
Bullet Point 3: Full Flavor Naturally Infused Gift Set including Garlic, Basil, Rosemary, Chili Pepper
Bullet Point 4: The line consists of the following flovered oils: Garlic, Basil, Rosemary, Chili Pepper
Product Description: Elevate your culinary creations with the BASSO1904 Infused Olive Oil Gift Set, a collection of exceptional flavors that transform ordinary dishes into gourmet delights. This carefully curated set features four 8.5 fl.oz (250ml) bottles of Naturally Infused Flavored Extra Virgin Olive Oil, each capturing the essence of nature's finest ingredients. Presented in an exquisite Gift Box, this 4-Pack is not only a tribute to exceptional taste but also an ideal choice for corporate gifting, special occasions, or thoughtful gestures. Embark on a Flavorful Adventure: Unleash your taste buds with the BASSO1904 Infused Olive Oil Gift Set. This collection promises an indulgent journey through the diverse and captivating flavors of culinary artistry. Diverse Flavor Profiles: Garlic Infused Olive Oil: Savor the aromatic allure of garlic, lending depth and richness to every dish it graces. Rosemary Infused Olive Oil: Immerse yourself in the earthy essence of rosemary, elevating your dishes with its herb-infused charm. Basil Infused Olive Oil: Transport your senses to sun-drenched gardens with the refreshing aroma of basil, a hallmark of Mediterranean cuisine. Chili Pepper Infused Olive Oil: Ignite your palate with a tantalizing touch of heat from chili peppers, infusing dishes with a fiery kick. Elegance in Presentation: Packaged in a meticulously designed Gift Box, this 4-Pack set is a symbol of refined taste. Its thoughtful presentation makes it an excellent choice for corporate gifting, special occasions, or simply as an exquisite addition to your culinary collection. Unleash Your Culinary Creativity: Crafted for both dipping and tasting, these Naturally Infused Flavored Extra Virgin Olive Oils invite you to experiment and create. Elevate your appetizers, drizzle over salads, marinate meats, or create signature dressings that bear the hallmark of authentic flavors. A Promise of Purity: BASSO1904 upholds a commitment to using only the finest, all-natural ingredients.
Value: 34.0
Unit: Fl Oz
",https://m.media-amazon.com/images/I/91PS84oUSoL.jpg,43.99
108423,"Item Name: Trader Joe's Spicy Chai Tea Latte Mix-SET OF 3
Value: 30.0
Unit: Ounce
",https://m.media-amazon.com/images/I/81NfKCPkfIL.jpg,21.39
110569,"Item Name: Mariani Dried Cranberries - Gluten Free, Vegan, No Preservatives - Healthy Snacks for Kids & Adults, 5oz Bag (Pack of 4)
Bullet Point 1: DRIED CRANBERRIES: Our cranberries are the perfect balance of sweetness and tanginess. They are easy to enjoy sprinkle on your salad, add to your favorite entrée, or simply enjoy as a delicious dried fruit snack
Bullet Point 2: PREMIUM QUALITY: Our dried cranberries contain no artificial ingredients, colors, flavors, or preservatives. Don't settle for anything less!
Bullet Point 3: VALUE SIZE: This sharing size bag is great for recipes or enjoying straight out of the bag as a sweet & healthy snack. A favorite for kids and adults; at home, at school, or in the office!
Bullet Point 4: MAINTAINS FRESHNESS: Our Touch Lock Seal Closure bag has an easy open and easy seal lock to keep your snacks fresh
Bullet Point 5: HEALTHY SNACK: Our dried cranberries make a perfect addition to healthy recipes like oatmeal and yogurt
Product Description: Our cranberries are the perfect balance of sweetness and tanginess. They are delicious and easy to enjoy – sprinkle on your salad, add to your favorite entrée, or simply enjoy as a snack. No matter how you eat them, you’ll be comforted to know that our Cranberries are the utmost premium quality. Just one bite and you’ll never settle for anything less. Taste the difference and enjoy the very best!
Value: 4.0
Unit: Count
",https://m.media-amazon.com/images/I/71aozTnqkEL.jpg,25.63
112112,"Item Name: Todd Bosley's World Famous Meyer Lemon Blood Orange Pepper Jelly (2 Pack)
Bullet Point 1: Made with pure cane sugar, peppers as well as orange and lemon peels!
Bullet Point 2: Perfect for toast or sandwiches!
Bullet Point 3: One taste and you'll know why it's ""World Famous""
Product Description: Made with pure cane sugar, peppers as well as orange and lemon peels! Perfect for toast or sandwiches! One taste and you'll know why it's ""World Famous""
Value: 2.0
Unit: Count
",https://m.media-amazon.com/images/I/81yo68EDkZL.jpg,24.99
112608,"Item Name: Organic Way Premium White Peppercorns Whole (Piper nigrum) - Grinder Refill | Organic & Kosher Certified | Raw, Vegan, Non GMO & Gluten Free | USDA Certified | Origin - India (1/4LBS / 4OZ)
Bullet Point 1: 100% tested USDA and Kosher certified herbal product
Bullet Point 2: Organic products imported from India and packaged in USA
Bullet Point 3: Authentic White Pepper Whole processed in a hygienic environment
Bullet Point 4: Pure, highly potent White Pepper Whole with a distinct aromatic effect
Bullet Point 5: The packaging is flavor-sealed for freshness
Product Description: <p>Whole White Pepper can be used in salads and nearly in any continental dish. Our ground white pepper whole comes in premium quality with a woody flavor for an amazing taste. All our products are natural and safe for consumption with no side-effects. Use our white pepper with mashed potatoes, white sauces, and many other items and make your favorite recipes at home.</p>
Value: 1.0
Unit: Count
",https://m.media-amazon.com/images/I/61hPmkqCd6L.jpg,14.99
114635,"Item Name: Shastha Lemon Pickle (300 gms) (Pack of 3) (B-PS)
Bullet Point 1: Shastha Lemon Pickle (300 gms)
Bullet Point 2: Pack of 3
Bullet Point 3: 300g x 3 (Total 900 gms)
Bullet Point 4: Beverages: The pickled pulp and liquid can be used in Bloody Marys and other beverages.
Bullet Point 5: Stews and Sauces: The pulp can be used in stews and sauces.
Bullet Point 6: Travel and Tiffin: It's a perfect option for travel and tiffin (Indian snack box).
Bullet Point 7: The combination of sourness, spiciness, and aromatic spices makes it a favorite for adding zest to meals.
Product Description: Lemon pickle, a popular Indian condiment, is primarily used as a flavorful side dish to enhance the taste of various meals, including rice, parathas, and other Indian dishes, and is also believed to aid digestion.
Value: 3.0
Unit: Count
",https://m.media-amazon.com/images/I/61zUkvc71QL.jpg,19.99
114937,"Item Name: Diet Protein To Go - Cheddar Cheese Double Bites - High Protein, Low Carb Snack - Low Calorie - Low Fat - Diet Chip - Gluten Free - 7 Bags (Cheddar Cheese)
Bullet Point 1: Indulge in Cheddar Double Bites, a harmonious blend of cheesy goodness and nutritional balance. With 10g of protein and just 130 calories, these protein chips are the ideal healthy snack for those craving a high protein, low calorie snack with flavor.
Bullet Point 2: Cheddar Double Bites offer a savory escape into the world of healthy snacks. Packed with 10g of protein and only 2.5g of fat, they redefine snack chips, making them a perfect fit for anyone in search of diet snacks that don't compromise on taste.
Bullet Point 3: Elevate your snacking with Cheddar Double Bites, where rich cheddar flavor meets smart nutrition. With 10g of protein and <1g of fiber, these crisps are a superb choice for a low carb snack, aligning with your healthy lifestyle and bariatric food needs.
Bullet Point 4: Discover the ultimate snack with Cheddar Double Bites, where taste and health go hand in hand. Each pack delivers a satisfying crunch with 10g of protein, ensuring a guilt-free experience for those seeking low calorie snacks for a balanced diet.
Bullet Point 5: Nutmeg State Nutrition offers an exclusive selection of high protein snacks and low calorie meal replacements, including protein bars, entrees, shakes, puddings, soups, chips and desserts. Our meal replacements come prepackaged for convenience. Embrace a healthier lifestyle with our nutrient-rich, guilt-free options!
Product Description: Nutmeg State Nutrition proudly introduces a snacking revolution with our lineup of protein chips, krinkles, crisps, and curls, meticulously designed for those unwilling to compromise on taste or nutrition. Our gourmet-flavored, high-quality protein snacks are the ideal choice for fitness enthusiasts, individuals on weight loss journeys, or anyone in search of healthy snacks. Each product is crafted to deliver not only a crunchy and flavorful experience but also a nutrient-rich, low calorie snack option to support your dietary goals. Whether you're craving a low carb snack that fits into a keto or low-carb diet, seeking bariatric-friendly food that doesn't skimp on taste, or simply want a guilt-free way to indulge in delicious snacks, Nutmeg State Nutrition has you covered. Our snacks, including our sought-after protein chips and protein crisps, are perfect for anyone looking to enjoy a high protein snack without the added calories, carbs, or guilt. By choosing Nutmeg State Nutrition, you're not just selecting a healthier snack option; you're embracing a lifestyle change that prioritizes well-being without sacrificing the joy of snacking, making every bite a step towards a healthier, happier you.
Value: 7.0
Unit: Count
",https://m.media-amazon.com/images/I/81jv114TU6L.jpg,17.49
116684,"Item Name: KRAVE All Natural Beef Jerky, Sea Salt - Protein Packed Snacks Roasted for Maximum Flavor - 100% Grass Fed Beef - Gluten Free - 2.7 Ounce (Pack of 4)
Bullet Point 1: PREMIUM JERKY, PROTEIN PACKED SNACK: Krave Jerky is made from 100% Grass-Fed Beef and is an excellent source of protein (at least 8g per serving) - Krave Jerky packs the flavor as well! Krave Jerky will make you rethink jerky snacks forever!
Bullet Point 2: GLUTEN FREE AND NO ARTIFICIAL INGREDIENTS: Krave Jerky contains all natural ingredients. Making Krave Jerky the perfect high-protein, low carb snack for any occasion
Bullet Point 3: OVEN ROASTED JERKY COOKED TO PERFECTION: Krave Jerky contains no nitrates and no added nitrates. Krave Jerky is the perfect companion if you are looking for a high protein, gluten free jerky snack
Bullet Point 4: KRAVE JERKY IS POWER PACKED WITH PROTEIN AND FLAVOR: Krave Jerky contains tender slices of Beef or Pork (depending on flavor) - HIgh in protein, low carb, gluten free and nitrate free! Guilt-free, high protein snacking just got easier!
Bullet Point 5: TRY ALL OF OUR FLAVORS: Krave Jerky comes in several amazing flavors: Sea Salt, Chili Lime, Black Cherry BBQ, Sweet Chipotle, Grilled Teriyaki and Garlic Chili Pepper - Can't decide which flavor to get? Try our variety packs.
Product Description: Flavor-forward FUNctional Snacks -inspired by our Sonoma roots- to fuel life’s everyday adventures. #KRAVEBetter #JerkyLove When we founded KRAVE back in 2009, our intent was to change the perception of jerky - transforming it from a corner-store snack food with little imagination and short-on-yummy - to a readily available, flavor-forward, better-for-you snack. We ditched the nitrites and grisly texture for bold, culinary-inspired, tender, slow-cooked cuts. The result? Flavors so unique you’ll never get bored of snacking and will still feel great about eating. Jerky you can KRAVE. At KRAVE, we’ve always believed that snack food doesn’t have to be junk food. If something is good for you, it ought to TASTE that way. That’s why we are so excited to be right back where we started -in the heart of Sonoma- where the celebrated vineyards, coveted micro-climates and renowned gourmet outposts ensure that around here, quality is a way of life. Our neighboring winemakers, farmers, cheesemakers and artisans influence us with a reverence for incredible quality and unique, bold flavors – which are always at the heart of every single product we make. Life’s too short for boring snacks, and we want to make it easier to eat what you KRAVE. A big part of our down-to-earth, never-say-never Sonoma Spirit is embracing the possibility — we’re able to be more agile and innovative than ever, to once again change how we all snack. We have big, bold ideas, and we can’t wait to share them with you. This journey is just getting started. But not to worry — we brought plenty of snacks.
Value: 10.8
Unit: Ounce
",https://m.media-amazon.com/images/I/816JFZf8y0L.jpg,4.99
120311,"Item Name: Fruit Roll-Ups Fruit Flavored Snacks, Variety Pack, 15 oz, 30 ct
Bullet Point 1: FRUIT FLAVORED SNACKS: Fruit Roll-Ups Variety Pack featuring Strawberry Sensation and Blue Raspberry flavors. With wild flavors and colors, the possibilities for fun are endless
Bullet Point 2: FUN KIDS SNACK: These individually wrapped snack bags are the perfect treat to include in a packed school lunch box; Each roll comes with an assortment of tongue tattoos for wacky fun
Bullet Point 3: GLUTEN FREE: Tasty gummy treats made without gluten, gelatin, or artificial flavors; Contains vitamin C for snacks you can feel great about
Bullet Point 4: ON-THE-GO SNACK: These bulk Fruit Flavored Snacks are the perfect addition to your pantry and a snack every member of the family will love
Bullet Point 5: CONTAINS: 15 oz, 30 ct
Value: 450.0
Unit: Ounce
",https://m.media-amazon.com/images/I/81XfzrnBLLL.jpg,7.955
120313,"Item Name: Shan Chapli Kabab Recipe and Seasoning Mix 3.52 oz (100g) - Spice Powder for Traditional Meat & Corn Patty - Suitable for Vegetarians - Airtight Bag in a Box (Pack of 4)
Bullet Point 1: Quantity- Shan Chapli Kabab Recipe and Seasoning Mix comes packaged and sealed in a box containing a packet of 100g of spices.
Bullet Point 2: Easy to use- All the ingredients and instructions are given at the back of the box.
Bullet Point 3: Easy to prepare- Now you don’t need to gather a variety of different masalas to make Chapli Kabab, just use this seasoning and herbs mix and you are good to go.
Bullet Point 4: No Preservative, No Artificial Food Color.
Bullet Point 5: Quality Control- All our products are carefully packaged under the most hygienic conditions according to international quality standard.
Product Description: <p>Shan Foods was a small company established in 1981. Soon it gained popularity and now we have a presence in 65 countries across 5 continents.&nbsp;All our products are carefully packaged under the most hygienic conditions according to international quality standard.&nbsp;All products of Shan Foods are ISO 9001:2015.</p><p> </p><p>Shan Foods is committed to make your life easy in the kitchen and at the same time delighting your taste buds. We are the pioneer of ready to make masala packets. We are continuously working hard to ensure you can serve authentic Pakistani/Indian food to your loved ones. Each recipe is tailored to ensure a delicious taste through our special herbs seasoning and spices.&nbsp;</p><p> </p><p>Barbecue meat is the most delicious of all but the ingredients vary from person to person and can be hit or miss. Shan Foods brings you Shan&nbsp;Chapli&nbsp;Kabab recipe and seasoning mix. This is a seasoning mix made exclusively for barbecue blend. The final product is deliciously soft and moist finger licking&nbsp;Chapli Kababs.</p><p> </p><p>Steps to Cooking</p><p> </p><p>1. Mix all the above ingredients except oil and knead well. Set aside and marinate for 30 minutes.<br> 2. Make thin flat kabab / patties with wet hands and paste a slice of tomato on one side. Shallow fry until crisp brown on both sides. Serving Suggestion: Serve hot with diced fresh salad and Shan Tamarind / Green Chutney. <br>3. Tips for Best Result: For a richer taste, add 100 - 200g beef bone marrow and ½ cup maize flour in the above ingredients.</p>
Value: 14.08
Unit: Ounce
",https://m.media-amazon.com/images/I/71rZNHt13ML.jpg,9.99
124235,"Item Name: Kasa Style By The Original Salt Company Himalayan Rock Salt Grinder and Thyme
Bullet Point 1: Himalayan Pink salt is obtainable in convenient grinders that keep the salt fresh.
Bullet Point 2: For Cooking, Baking, and Seasoning
Bullet Point 3: Grind it on in the kitchen, at the table, or on the grill
Bullet Point 4: The Healthier and The Testier Salt
Bullet Point 5: (8oz) Plastic Grinder
Product Description: Kasa Style By The Original Salt Company Himalayan Pink Salt with Spices. All-Purpose Seasoning is made for the meals you’re eating today. It’s got just the right flavors for beef, chicken, meatless dishes, and more. A flavorful blend of Himalayan pink salt and various spices like pepper, rosemary, chili, thyme, onion, oregano, and garlic. This convenient seasoning can be added to dishes without even measuring. Grind it on in the kitchen, this versatile seasoning is sure to be a favorite.
Value: 1.0
Unit: Count
",https://m.media-amazon.com/images/I/51SUdonR1EL.jpg,9.49
124670,"Item Name: Delight Expressions® Snack Time Gift Basket (Football) - A Father's Day Gift Basket Idea - Birthday or Get Well Gift
Bullet Point 1: This Gift Basket has all the delicious sweets and salty snacks he could even want
Bullet Point 2: It comes with Angelina's butter cookies, Beer Nuts peanuts, Snack Factory pretzels crisps and enhanced with a football coffee mug for him to enjoy any game.
Bullet Point 3: Perfect gift for Father's Day, Birthday or Just Because for any special man in your life.
Bullet Point 4: All of our Gift Baskets are beautifully hand-wrapped with attention to detail.
Bullet Point 5: Product Manufactured exclusively by Delight Expressions&reg;
Product Description: This Gift Basket has all the delicious sweets and salty snacks he could even want. Perfect gift for Father's Day, Birthday or Just Because gift. <p> It comes filled with:<p>◉ Angelina's Butter Cookies, sweet and delicious butter cookies (4.4oz)<p> ◉ Snack Factory pretzel crisps, Thin and crunchy is the best part of the pretzel (1.5oz)<p> ◉ Vineyard Collection Three Pepper Blend Water Crackers (2oz)<p> ◉ Deep River potato chips.<p> ◉ Barista's Best Cappuccino, makes one serving (1oz)<p> ◉ A Football coffee mug and 1 bag of Colonial International coffee for him to enjoy any game.<p> ◉ Dolcetto Wafer Bites Single Serve Bag (0.7oz)<p> ◉ Beer Nuts Bottle Bag Original Peanuts (1.7oz)<p> ◉ Dolcetto cubetti, Luscious Crème Filled Wafer Cookies.<p> <p>All of our gift baskets are beautifully hand wrapped with attention to detail.<p> <p>Product Manufactured exclusively by Delight Expressions&reg;
Value: 1.0
Unit: Count
",https://m.media-amazon.com/images/I/81AB5LfwJZL.jpg,61.95
125699,"Item Name: Grey Wolf Howling at Moon Edible Icing Image for 1/4 sheet cake
Bullet Point: A fast and simple way to add to your birthdays and occasions. Just peel the back off of your edible image and lay flat on your previously frosted cake. Watch as it absorbs and creates a brillant design that both children and adults will love. Instructions for placement on cake are included. You may store your image, laying flat, up to one year.
Product Description: Edible icing art is a great way to make a cake and cupcakes look fantastic and professional. These are an easy and inexpensive way to make your cake look like a masterpiece. All icing images come with instructions . Simply remove the edible icing art from backing and place on top of freshly iced cake or cupcakes. After 15 to 25 minutes the edible icing art will blend with the frosting to give your cake a professional look
Value: 1.0
Unit: Count
",https://m.media-amazon.com/images/I/51ylFpO92UL.jpg,14.5
125782,"Item Name: Nelson's Tea Bourbon Ginger Pear - Cut & Sifted Ginger Loose Leaf Tea with Dried Elderflower, Cornflower and Pears (16 oz)
Bullet Point 1: EXQUISITE AND INVIGORATING FLAVOR: Savor the unique blend of Bourbon Ginger Pear Tea Loose Leaf, where the bold notes of bourbon meet the spicy warmth of ginger and the subtle sweetness of pear. This loose leaf blend creates a refreshing and complex flavor experience.
Bullet Point 2: SOPHISTICATED AND HARMONIOUS BLEND: Delight in the refined fusion of Nelson's Tea Bourbon Ginger Pear, featuring Green Rooibos, White Tea, and Ginger Root, accented with Elderflower, Cornflower, and dried Pears. This expertly curated blend delivers a smooth, aromatic experience with a hint of spice and subtle floral notes,
Bullet Point 3: SUPPORT WOMAN-OWNED BUSINESS: By choosing this product, you are not only treating yourself to a remarkable tea experience but also supporting a woman-owned business. The dedication and passion of the visionary entrepreneur behind this brand shine through in every aspect of this tea. Your support directly contributes to empowering female entrepreneurs, fostering a more inclusive and vibrant business landscape, and empower a dream nurtured with love.
Bullet Point 4: EXPERTLY CRAFTED IN USA: Rest assured that every batch of this exceptional tea blend is crafted and packaged with great care in Indianapolis, IN USA. From sourcing the finest ingredients to handcrafting each batch, we ensure that every aspect of our tea production reflects our commitment to excellence. Experience the taste of authenticity and the pride of supporting locally made products. The meticulous attention to detail ensures that you receive a product of unparalleled quality and freshness.
Bullet Point 5: EMBRACE THE TEA RITUAL: Beyond its delightful taste, this tea embodies the essence of what tea brings to people. It is a catalyst for connection, creating cherished moments of togetherness and shared experiences. It provides a comforting refuge, allowing you to unwind and find solace in the ritual of brewing and savoring a cup of tea. With each sip, you embark on a sensory journey that combines the pleasure of unique flavors with the profound rejuvenation that only tea can provide.
Product Description: Experience the exceptional fusion of flavors with Nelson's Tea Bourbon Ginger Pear Tea Loose Leaf. This sophisticated blend combines the bold notes of bourbon with the spicy warmth of ginger and the sweet subtlety of pear, complemented by Green Rooibos, White Tea, Ginger Root, Elderflower, Cornflower, and dried Pears. Crafted with passion in Indianapolis, IN, this tea not only offers a refreshing and complex taste but also supports a woman-owned business, empowering female entrepreneurship. Enjoy the craftsmanship in every batch, ensuring the highest quality and freshness. Embrace the ritual of tea brewing, a comforting practice that brings people together, creating moments of connection and rejuvenation with each exquisite sip.
Value: 16.0
Unit: Ounce
",https://m.media-amazon.com/images/I/81Qy5qVXCOL.jpg,49.95
127407,"Item Name: Harney & Sons Tea, loose tea Venetian Tiramisu ,2 Ounce
Bullet Point 1: Indulge your senses in the flavors of Venetian Tiramisu tea.
Bullet Point 2: Evocative and romantic, each cup begins with a blend of delicately floral Mutan white tea and toasty Japanese Hojicha.
Bullet Point 3: Swirling flavors of cocoa and vanilla layer throughout the tea, accented with cocoa nibs and just a hint of brandy flavor.
Bullet Point 4: Loose tea in 2 ounce tin
Bullet Point 5: Contains caffeine
Value: 2.0
Unit: Ounce
",https://m.media-amazon.com/images/I/615YDG8g7iL.jpg,19.54
132328,"Item Name: Proti-Thin - Protein Diet Hot Drink - 15g Protein - Low Calorie - Low Carb - Cappuccino Decafeinated (7/Box)
Bullet Point 1: HIGH PROTEIN: Keep hunger pangs at bay between meals with this hot cappuccino mix, which contains 15 grams of protein in every serving.
Bullet Point 2: SUGAR FREE: Contains zero sugar and no aspartame.
Bullet Point 3: LOW CALORIE: With only 90 calories per serving, Proti-Thin protein Cappuccino Decaffeinated is a great addition to a healthy lifestyle or weight loss program.
Bullet Point 4: KETO FRIENDLY: Each serving contains only 3 Net Carbs and ZERO sugar. Easily incorporate this delicious hot drink into your diet plan.
Bullet Point 5: PROTI-THIN HELPS YOU EAT HEALTHY: Create your own nutrition plan with our delicious range of shakes, breakfasts, entrees, supplements, soups and more.
Product Description: The Proti-Thin Cappuccino Decaffeinated is a warm, comforting alternative to a daily coffee or hot chocolate habit. A nice change on an all-liquid diet. This blend of slow and fast digesting proteins provides long-lasting hunger satisfaction. <p> Directions: Pour contents of one packet into a cup. Add 6-8oz (170-230ml) of hot water. Stir with a fork until completely dissolved.
Value: 7.0
Unit: Count
",https://m.media-amazon.com/images/I/71X8VmczsrL.jpg,16.95
134783,"Item Name: Grandma's Cookies Chocolate Chip Flavored 8 cookies 2 Per Pack (pack of 4)
Value: 8.0
Unit: Count
",https://m.media-amazon.com/images/I/91rgUZ-acfL.jpg,4.045
136471,"Item Name: Twist'd Q - Brown Sugar Hickory Pork Rub - American Royal - Loot N' Booty - 2 Pack
Product Description: Little bit sweet. Little bit salty. Little bit spicy. That’s the holy trinity of a great pork rub. It’s what you’ll find in this handcrafted, championship recipe from Sterling and Molly Smith of Loot N’ Booty BBQ. And it’s the same rub that earned them trophies at the American Royal World Series of Barbecue. This heavenly creation is now your own. Sterling Smith is a champion pitmaster who’s been competing on the BBQ circuit since 2009. Sterling moved to Scottsdale after some time in the Navy, and since then, he’s been building his own BBQ business in the middle of the desert. Hear his story below. 2 Pack
Value: 2.0
Unit: Count
",https://m.media-amazon.com/images/I/51ltmExki3L.jpg,18.95
137097,"Item Name: Badia 8 oz Whole Thyme Leaves/ Tomillo Entero Gluten Free Kosher
Bullet Point: Badia Whole Thyme Leaves, 8 Ounce
Value: 8.0
Unit: Ounce
",https://m.media-amazon.com/images/I/81gjc2z2dJL.jpg,9.065
138453,"Item Name: Russell Stover Sugar Free Dark Chocolate Pecan Delight, 3 Ounce Bag (12 Count)
Bullet Point 1: Crunchy pecans and chewy caramel covered in rich dark chocolate make a great snack to take on-the-go
Bullet Point 2: Made with stevia extract – guarantee of quality of freshness
Bullet Point 3: Russell Stover Sugar Free delivers the taste and tradition you remember, without the sugar.
Bullet Point 4: Chocolate candies made from scratch with the finest ingredients.
Bullet Point 5: Russell Stover Chocolates is an American Classic est. 1923; Made from our hearts with tradition and passion.
Value: 36.0
Unit: OZ
",https://m.media-amazon.com/images/I/81Y7XqOogQL.jpg,9.875
139367,"Item Name: Adolph's Unseasoned Tenderizer, 44.5 oz (Pack - 2)
Value: 44.5
Unit: Ounce
",https://m.media-amazon.com/images/I/61cQ+5mBxvL.jpg,12.425
142716,"Item Name: Ginger Peach Black Tea (Deluxe Blend) (50 tea bags, ZIN: 530275)
Bullet Point 1: Our Ginger Peach Black Tea is a scrumptuous flavored Black tea with Ginger Root and Peach that will impress you with its refreshing taste! - Ingredients: Black tea, Ginger Root, Peach and natural ginger peach flavor.
Bullet Point 2: No fillers.
Bullet Point 3: Manufacturer: TerraVita
Bullet Point 4: Size: 50 tea bags
Bullet Point 5: Black Tea Bags - Packed in a convenient upright pouch!
Product Description: Our Ginger Peach Black Tea is a scrumptuous flavored Black tea with Ginger Root and Peach that will impress you with its refreshing taste! - Ingredients: Black tea, Ginger Root, Peach and natural ginger peach flavor. - Hot tea brewing method: Bring freshly drawn cold water to a rolling boil. Place 1 teabag for each desired cup into the teapot. Pour the boiling water into the pot, cover and let steep for 2-4 minutes. Pour into your cup; add milk and natural sweeteners to taste. - Iced tea brewing method: (to make 1 liter/quart): Place 5 teabags into a teapot or heat resistant pitcher. Pour 1 1/4 cups of freshly boiled water over the teabags. Steep for 5 minutes. Quarter fill a serving pitcher with cold water. Pour the tea into the serving pitcher. Add ice and top-up with cold water. Garnish and sweeten to taste. - TerraVita is an exclusive line of premium-quality, natural source products that use only the finest, purest and most potent ingredients found around the world. TerraVita is hallmarked by the highest possible standards of purity, potency, stability and freshness. All of our products are prepared with the highest elements of quality control, from raw materials through the entire manufacturing process, up to and including the moment that the bottles or bags are sealed for freshness and shipped out to you. Our highest possible standards are certified by independent laboratories and backed by our personal guarantee. - TerraVita exists to meet and ensure your family's health and wellness without the harmful effects of chemicals and health products. We strive to make all of our products affordable and reliable and are constantly searching the market to maintain our affordability and to look for new ways to serve you and the ones you love. TerraVita has become a truste
Value: 50.0
Unit: Count
",https://m.media-amazon.com/images/I/81inR6iGn8L.jpg,27.61
143570,"Item Name: French Vanilla Rooibos Tea (50 tea bags, ZIN: 531711) - 3 Pack
Bullet Point 1: Our French Vanilla Rooibos Tea is a delightful flavored Rooibos tea with Elderfowers and Hazelnuts that you will really enjoy! The unique French Vanilla aroma and taste is a delight! - Ingredients: Rooibos tea, Elderfowers, Hazelnuts and Natural French vanilla Flavor.
Bullet Point 2: No fillers.
Bullet Point 3: Manufacturer: TerraVita
Bullet Point 4: Size: 50 tea bags
Bullet Point 5: Rooibos Tea Bags - Packed in a convenient upright pouch!
Product Description: Our French Vanilla Rooibos Tea is a delightful flavored Rooibos tea with Elderfowers and Hazelnuts that you will really enjoy! The unique French Vanilla aroma and taste is a delight! - Ingredients: Rooibos tea, Elderfowers, Hazelnuts and Natural French vanilla Flavor. - Hot tea brewing method: Bring freshly drawn cold water to a rolling boil. Place 1 teabag for each desired cup into the teapot. Pour the boiling water into the pot, cover and let steep for 2-4 minutes. Pour into your cup; add milk and natural sweeteners to taste. - Iced tea brewing method: (to make 1 liter/quart): Place 5 teabags into a teapot or heat resistant pitcher. Pour 1 1/4 cups of freshly boiled water over the teabags. Steep for 5 minutes. Quarter fill a serving pitcher with cold water. Pour the tea into the serving pitcher. Add ice and top-up with cold water. Garnish and sweeten to taste. - TerraVita is an exclusive line of premium-quality, natural source products that use only the finest, purest and most potent ingredients found around the world. TerraVita is hallmarked by the highest possible standards of purity, potency, stability and freshness. All of our products are prepared with the highest elements of quality control, from raw materials through the entire manufacturing process, up to and including the moment that the bottles or bags are sealed for freshness and shipped out to you. Our highest possible standards are certified by independent laboratories and backed by our personal guarantee. - TerraVita exists to meet and ensure your family's health and wellness without the harmful effects of chemicals and health products. We strive to make all of our products affordable and reliable and are constantly searching the market to maintain our affordability and to look for new ways to serve you
Value: 150.0
Unit: Count
",https://m.media-amazon.com/images/I/81vE-f5chUL.jpg,86.02
147107,"Item Name: Great Value Creamy Stripes Peanut Butter & Grape Jelly, 18 oz - 4 Pack
Value: 4.0
Unit: Count
",https://m.media-amazon.com/images/I/41iZetxjEUL.jpg,2.87
148621,"Item Name: Pineapple Tea-Berry Rooibos Tea (50 tea bags, ZIN: 537077) - 2 Pack
Bullet Point 1: Our Pineapple Tea-Berry Rooibos Tea is a delightful flavored Rooibos tea with Pineapple, Blackberry and Rose Petals that you will really enjoy! The unique Pineapple Tea-Berry aroma and taste is a delight! - Ingredients: Rooibos tea, Pineapple, Blackberry, Rose Petals and Natural Pineapple Tea-berry Flavor.
Bullet Point 2: No fillers.
Bullet Point 3: Manufacturer: TerraVita
Bullet Point 4: Size: 50 tea bags
Bullet Point 5: Rooibos Tea Bags - Packed in a convenient upright pouch!
Product Description: Our Pineapple Tea-Berry Rooibos Tea is a delightful flavored Rooibos tea with Pineapple, Blackberry and Rose Petals that you will really enjoy! The unique Pineapple Tea-Berry aroma and taste is a delight! - Ingredients: Rooibos tea, Pineapple, Blackberry, Rose Petals and Natural Pineapple Tea-berry Flavor. - Hot tea brewing method: Bring freshly drawn cold water to a rolling boil. Place 1 teabag for each desired cup into the teapot. Pour the boiling water into the pot, cover and let steep for 2-4 minutes. Pour into your cup; add milk and natural sweeteners to taste. - Iced tea brewing method: (to make 1 liter/quart): Place 5 teabags into a teapot or heat resistant pitcher. Pour 1 1/4 cups of freshly boiled water over the teabags. Steep for 5 minutes. Quarter fill a serving pitcher with cold water. Pour the tea into the serving pitcher. Add ice and top-up with cold water. Garnish and sweeten to taste. - TerraVita is an exclusive line of premium-quality, natural source products that use only the finest, purest and most potent ingredients found around the world. TerraVita is hallmarked by the highest possible standards of purity, potency, stability and freshness. All of our products are prepared with the highest elements of quality control, from raw materials through the entire manufacturing process, up to and including the moment that the bottles or bags are sealed for freshness and shipped out to you. Our highest possible standards are certified by independent laboratories and backed by our personal guarantee. - TerraVita exists to meet and ensure your family's health and wellness without the harmful effects of chemicals and health products. We strive to make all of our products affordable and reliable and are constantly searching the market to maintain our affordability
Value: 100.0
Unit: Count
",https://m.media-amazon.com/images/I/81HYDzPZUhL.jpg,59.2
149291,"Item Name: SunChips 100% Whole Grain Sun Puffs, Four Cheese, 6oz Bag
Bullet Point 1: Includes 1 (6oz) bag of Sun Puffs, Four Cheese flavor
Bullet Point 2: 100% whole grain puffs with a light and airy crunchy goodness
Bullet Point 3: Real Monterey jack, cheddar, gouda, and mozzarella cheeses blended together for a delicious snack time treat
Bullet Point 4: Pack about 15 puffs in your next work or school lunch for just the right amount of savory, cheesy goodness
Bullet Point 5: 150 calories per serving, made with no artificial flavors or preservatives
Value: 6.0
Unit: Ounce
",https://m.media-amazon.com/images/I/81RX65jXkdL.jpg,3.98
149424,"Item Name: Sweet 16 Cake Topper, 16th Birthday Cake Topper, Happy 16th Sweet Sixteen Cake Topper - Gold by Merry Expressions
Bullet Point 1: Happy 16th Birthday! - Our sweet 16 cake topper in gold measures 7"" x 4.5"" inches. This elegant cake topper is designed to match other 16 birthday decorations for girls.
Bullet Point 2: Designed in the USA - Our sweet sixteen cake topper is made with double sided gold glitter. A great addition to your sweet 16 cake decorations.
Bullet Point 3: Celebrate In Style - Take this party to the next level with our gold sweet 16 birthday cake topper, meticulously crafted to add a touch of elegance to this milestone birthday party matching other decoration or sweet 16 centerpieces.
Bullet Point 4: Food Safe - This gold 16 cake topper is made with 100% food-safe materials. The glitter paper will not leave a trace on the cake or in your hands. We also use harmless, eco-friendly and nontoxic material for the construction of the stick.
Product Description: Make your Sweet 16 celebration truly spectacular with our happy sweet 16 cake topper! This eye-catching cake topper will stand among your other sweet 16 decorations. Crafted with precision, our gold sweet 16 topper for cake is designed to impress. It's the ideal size, making a statement without overwhelming your cake, and it pairs perfectly with any sweet sixteen party decorations. Not only does our topper work beautifully on cakes, but it also makes your cake or cupcake shine. Planning a birthday party can be stressful, but our cake topper is here to save the day. It's easy to use – simply insert it into your cake, and voilà! Your cake instantly becomes the centerpiece of the celebration. , , happy 16th birthday cake topper, sweet 16 cake toppers, sweet 16 cupcake toppers, sweet 16 birthday decorations, happy sweet 16 cake topper, sweet 16 cake topper rose gold, , 16th bday decorations girl, sweet sixteen cake topper rose gold, 16th birthday cake topper for girls, Designed for the birthday girl, our sweet 16 cake topper adds a touch of glamour and sophistication to your event. Whether you're celebrating with family and friends or having a girl's night out, this topper is the perfect finishing touch to make your day extra special. Choose our sweet 16 cake topper gold and make your 16th birthday a memory to cherish. So, why wait? Order now and let the party celebrations begin! Make your big day shine – choose the best, choose Merry Expressions !
Value: 1.0
Unit: Count
",https://m.media-amazon.com/images/I/81GJOU19MvL.jpg,9.99
149543,"Item Name: Grenadine Vanilla Chamomile Tea (50 tea bags, ZIN: 538261) - 2 Pack
Bullet Point 1: Our Grenadine Vanilla Chamomile Tea is a delicious flavored Chamomile tea with Pomegranate Peel, Rose Hips and Orange Peel that you will enjoy relaxing with anytime! The natural Grenadine Vanilla taste is delicious! - Ingredients: Chamomile tea, Pomegranate Peel, Rose Hips, Orange Peel and Natural Grenadine Vanilla Flavor.
Bullet Point 2: No fillers.
Bullet Point 3: Manufacturer: TerraVita
Bullet Point 4: Size: 50 tea bags
Bullet Point 5: Chamomile Tea Bags - Packed in a convenient upright pouch!
Product Description: Our Grenadine Vanilla Chamomile Tea is a delicious flavored Chamomile tea with Pomegranate Peel, Rose Hips and Orange Peel that you will enjoy relaxing with anytime! The natural Grenadine Vanilla taste is delicious! - Ingredients: Chamomile tea, Pomegranate Peel, Rose Hips, Orange Peel and Natural Grenadine Vanilla Flavor. - Hot tea brewing method: Bring freshly drawn cold water to a rolling boil. Place 1 teabag for each desired cup into the teapot. Pour the boiling water into the pot, cover and let steep for 2-4 minutes. Pour into your cup; add milk and natural sweeteners to taste. - Iced tea brewing method: (to make 1 liter/quart): Place 5 teabags into a teapot or heat resistant pitcher. Pour 1 1/4 cups of freshly boiled water over the teabags. Steep for 5 minutes. Quarter fill a serving pitcher with cold water. Pour the tea into the serving pitcher. Add ice and top-up with cold water. Garnish and sweeten to taste. - TerraVita is an exclusive line of premium-quality, natural source products that use only the finest, purest and most potent ingredients found around the world. TerraVita is hallmarked by the highest possible standards of purity, potency, stability and freshness. All of our products are prepared with the highest elements of quality control, from raw materials through the entire manufacturing process, up to and including the moment that the bottles or bags are sealed for freshness and shipped out to you. Our highest possible standards are certified by independent laboratories and backed by our personal guarantee. - TerraVita exists to meet and ensure your family's health and wellness without the harmful effects of chemicals and health products. We strive to make all of our products affordable and reliable and are constantly searching the market to maintain
Value: 100.0
Unit: Count
",https://m.media-amazon.com/images/I/81sVgZq-odL.jpg,59.48
149790,"Item Name: Peach Nectarine Decaf Black Tea (50 tea bags, ZIN: 537717)
Bullet Point 1: Our Peach Nectarine Decaf Black Tea is a wonderful flavored decaffeinated Black tea with Apricots, Peach Fruit and Blackberry. You will enjoy the simple and elegant Peach Nectarine taste! - Ingredients: Decaf Black tea, Apricots, Peach Fruit, Blackberry and Natural Peach Nectarine Flavor.
Bullet Point 2: No fillers.
Bullet Point 3: Manufacturer: TerraVita
Bullet Point 4: Size: 50 tea bags
Bullet Point 5: Black Tea Bags - Packed in a convenient upright pouch!
Product Description: Our Peach Nectarine Decaf Black Tea is a wonderful flavored decaffeinated Black tea with Apricots, Peach Fruit and Blackberry. You will enjoy the simple and elegant Peach Nectarine taste! - Ingredients: Decaf Black tea, Apricots, Peach Fruit, Blackberry and Natural Peach Nectarine Flavor. - Hot tea brewing method: Bring freshly drawn cold water to a rolling boil. Place 1 teabag for each desired cup into the teapot. Pour the boiling water into the pot, cover and let steep for 2-4 minutes. Pour into your cup; add milk and natural sweeteners to taste. - Iced tea brewing method: (to make 1 liter/quart): Place 5 teabags into a teapot or heat resistant pitcher. Pour 1 1/4 cups of freshly boiled water over the teabags. Steep for 5 minutes. Quarter fill a serving pitcher with cold water. Pour the tea into the serving pitcher. Add ice and top-up with cold water. Garnish and sweeten to taste. - TerraVita is an exclusive line of premium-quality, natural source products that use only the finest, purest and most potent ingredients found around the world. TerraVita is hallmarked by the highest possible standards of purity, potency, stability and freshness. All of our products are prepared with the highest elements of quality control, from raw materials through the entire manufacturing process, up to and including the moment that the bottles or bags are sealed for freshness and shipped out to you. Our highest possible standards are certified by independent laboratories and backed by our personal guarantee. - TerraVita exists to meet and ensure your family's health and wellness without the harmful effects of chemicals and health products. We strive to make all of our products affordable and reliable and are constantly searching the market to maintain our affordability and to look for n
Value: 50.0
Unit: Count
",https://m.media-amazon.com/images/I/81LGbOwGBHL.jpg,42.11
150600,"Item Name: Evamor Natural Artesian Water, 32 Fl Oz (Pack of 12)
Bullet Point: It is a high quality healthy product
Value: 384.0
Unit: Fl. Oz
",https://m.media-amazon.com/images/I/61msSolL+XL.jpg,42.0
152966,"Item Name: Six Gun Chili Mix 4 Oz - Pack 6
Value: 24.0
Unit: Ounce
",https://m.media-amazon.com/images/I/91SXHZ7m2ML.jpg,10.0
153516,"Item Name: McVitie's Original Hobnobs 255g (Pack of 12)
Value: 12.0
Unit: Count
",https://m.media-amazon.com/images/I/61-XgzRlbeL.jpg,55.18
153699,"Item Name: Ortega Taco Seasoning, 40% Less Sodium, 1.25 Ounce (Pack of 24)
Bullet Point 1: Ortega's Taco Seasonings are made with the highest quality ingredients
Bullet Point 2: Each packet comes with enough powder to use with 1 lb of steak, ground beef and more.
Bullet Point 3: Add some flavor to your taco night
Bullet Point 4: Ortega makes Mexican meals easy
Bullet Point 5: Add a little Ortega
Value: 30.0
Unit: Ounce
",https://m.media-amazon.com/images/I/81SRtlKOsFL.jpg,1.0
154791,"Item Name: Amoretti Premium Syrup, Grand Orange, 25.4 Ounce (Pack of 12)
Bullet Point 1: Made with natural flavor
Bullet Point 2: Only 35 calories per serving and 62 servings per bottle
Bullet Point 3: Free pump included
Bullet Point 4: Delicious syrup for latte, tea, coffee, smoothies, Italian soda and desserts
Bullet Point 5: Proudly made in Southern California
Value: 304.8
Unit: Fl Oz
",https://m.media-amazon.com/images/I/61c+aTE6TYL.jpg,25.99
155274,"Item Name: Amoretti Premium Syrup, Crema Di Irish Cream, 25.4 Ounce
Bullet Point 1: Made with Natural Flavors
Bullet Point 2: Naturally Flavored and Preservative Free
Bullet Point 3: 94 Servings Per Bottle/35 Calories Per Serving
Bullet Point 4: Delicious syrup for latte, tea, coffee, smoothies, italian soda and desserts
Bullet Point 5: Proudly Handcrafted in Southern California
Value: 25.4
Unit: Fl Oz
",https://m.media-amazon.com/images/I/61u-yDDRD-L.jpg,35.91
158784,"Item Name: Log Cabin Sugar Free Syrup, 24 FL OZ (Pack of 12)
Bullet Point 1: Contains twelve (12) 24-ounce bottles of Log Cabin Sugar Free Syrup for Pancakes and Waffles
Bullet Point 2: Indulge in thick, delicious syrup for pancakes, waffles, French toast and more
Bullet Point 3: 90% fewer calories than our original syrup and no sugar or high fructose corn syrup
Bullet Point 4: Amazing syrup that you can feel good about serving to your family and guests
Bullet Point 5: Stock up on this breakfast staple for decadent pancakes and waffles anytime
Value: 288.0
Unit: Fl Oz
",https://m.media-amazon.com/images/I/71QD2OFXqDL.jpg,12.195
161016,"Item Name: McCormick Culinary Cracked Black Pepper, 16 oz (Pack of 6)
Value: 6.0
Unit: Count
",https://m.media-amazon.com/images/I/61LrBh3m+jL.jpg,30.91
161336,"Item Name: Woodstock Farms Organic Pure Cane Granulated Sugar ( 12x24 OZ)
Product Description: Woodstock Organic Granulated Pure Cane Sugar - 24 oz
Value: 288.0
Unit: Fl Oz
",https://m.media-amazon.com/images/I/61nfe6OSASL.jpg,43.67
161457,"Item Name: Kerrygold Blanery Castle Cheese, 7 Ounce - 24 per case.
Value: 168.0
Unit: Fl Oz
",https://m.media-amazon.com/images/I/51Fp3+SzIQL.jpg,7.99
166584,"Item Name: Taffy Shop Winter Favorites, Salt Water Taffy – Assorted Gourmet Soft Chewy Candy, Variety Pack, Bulk Sweet Snack, Fresh Gift & Gluten-Free, 35 Individually Wrapped Pieces (7oz)
Bullet Point 1: Bundle up this season with Winter Favorites Taffy! A delightful assortment of festive, chewy flavors perfect for cozy moments and holiday cheer. Each piece is packed with seasonal sweetness, making it a treat to share or savor all winter long!
Bullet Point 2: Celebrate Every Holiday! From Halloween thrills to Thanksgiving feasts, Christmas cheer, and Easter treats. Sweeten Valentine’s Day, honor Mother’s & Father’s Day, and don’t forget Labor Day, Memorial Day, Hanukkah, and Fourth of July fun!
Bullet Point 3: Gourmet & Shameless: Our premium saltwater taffy is crafted from fresh protein rich egg whites, real sea salt, and coconut oil. A healthy snack made peanut free, soy free, and even sugar-free options for all to enjoy!
Bullet Point 4: Bulk Candy for all Events: Our individually wrapped treats are perfect for trick-or-treaters.. Ideal for large gatherings, corporate events, school functions, church events, fundraisers, and birthday celebrations—Best treat to fill your candy jar!
Bullet Point 5: Perfect treat for any Adventure: hiking, hunting, camping, road trips, Poolside, movie night or to toss it in your backpack or travel bag set. Or great for a night in, whether it's a movie night supplies, late night snack, or board game treat.
Product Description: Gourmet Salt Water Taffy! Whether you're searching for Halloween candy, taffy like coffee, bananas, or strawberries, we’ve got it all. Enjoy fruity flavors like apples, watermelon, and tropical coconut cult. Try fruit snacks, tangy ginger chews, or indulgent chocolate. Our healthy snacks, protein snacks, and sugar-free candy offer guilt-free. These individually wrapped treats are ideal for Halloween party favors, bulk candy, or a snacks variety pack for adults. Our variety pack is perfect for trunk or treat, birthday party favors, and corporate events. Savor unique flavors like pistachio or fun keto-friendly snacks. Whether you're craving gummy bears, a chips variety pack, or classic party favors, we’ve got you covered. Planning for Halloween gifts or stocking up on swedish candy and freeze-dried candy? Enjoy fun treats like gum, caramel apple lollipops, and chewing gum, or stock your pantry with bulk candy individually wrapped. We offer gluten-free and kosher options for everyone. Whether it’s going with your granola bars bulk, fiber gummies in a snack box. Indulge in fruity flavors like mango and peaches, or grab sour candy, caramel popcorn, and white chocolate taffy for a movie night. Grab snack packs, a perfect bar, or individual packs for on the go. We offer healthy snacks for adults, dye-free candy, and gluten-free snacks. Try nostalgic cotton candy, and classic candy corn salt water taffy. Better than lollipops individually wrapped, assorted candy variety packs,and caramel candy!
Value: 7.0
Unit: Ounce
",https://m.media-amazon.com/images/I/717Mpc5r6uL.jpg,12.48
166733,"Item Name: Keebler, Town House, Pita Crackers, Sea Salt, 9.5oz Box (Pack of 4)
Value: 38.0
Unit: Ounce
",https://m.media-amazon.com/images/I/91VtU9k7bLL.jpg,4.39
167028,"Item Name: Chunky, Bulk 24 Pack, Milk Chocolate with Peanuts and Raisins Individually Wrapped Candy Bars, 33.6 Oz
Bullet Point 1: UNWRAP DELICIOUSNESS: Enjoy the delectable taste of chocolate with raisins and crunchy peanuts with this box of 24 individually wrapped Chunky single bars
Bullet Point 2: AN AMERICAN CLASSIC: A nostalgic candy bar with a classic taste, Chunky is made with freshly roasted peanuts, chewy raisins and milk chocolate, making it an ideal chocolate snack to add to your day
Bullet Point 3: SHARE THE GOODNESS: This pack of individually wrapped bars is great for sharing the taste of Chunky with friends, family and even coworkers
Bullet Point 4: PERFECT ANYTIME: A perfect fun-filled snack, Chunky lets you take this chocolatey treat to work, school or even right to your couch. Take deliciousness wherever you want to go.
Bullet Point 5: RIGHT SIZE IN ANY SIZE: Chunky chocolate candy bars will bring a smile to your taste buds and your day. From Single Size to Giant Size, and a variety of package sizes to choose from, you can find the perfect fit for you
Value: 33.6
Unit: Ounce
",https://m.media-amazon.com/images/I/814o+6g7FAL.jpg,27.74
167397,"Item Name: TABASCO Brand Original Red Pepper Sauce, Medium Hot Sauce, Bulk Plastic Jug, Classic & Versatile, Three Simple Ingredients, For Large Recipes & Marinades, Great on Everything, 64 Fl Oz (Pack of 1)
Bullet Point 1: ORIGINAL RED PEPPER SAUCE: Our classic hot sauce that started it all. This sauce is endlessly versatile and meant to enhance the flavor of any food with just a dash.
Bullet Point 2: THREE SIMPLE INGREDIENTS: Since 1868, TABASCO brand Original Red Sauce has been handcrafted with just three ingredients: aged red peppers, salt and distilled vinegar. This simple recipe produces a unique pungent flavor that works with just about any cuisine.
Bullet Point 3: LIGHT THINGS UP: With 9 flavor varieties, our sauces can help elevate the flavor of just about any meal. Our red pepper sauce is sold in over 195 countries and territories worldwide.
Bullet Point 4: Flavor is hot with a scoville rating of 2500-5000 SHU
Bullet Point 5: Non-GMO Project Verified, gluten free, Kosher and Halal
Value: 64.0
Unit: Fl Oz
",https://m.media-amazon.com/images/I/710F6GYBZmL.jpg,34.99
169151,"Item Name: Paradise Cherry Halves, Green, 8 Ounce
Bullet Point 1: Green candied cherries are sweet and chewy, and complement red candied cherries in a variety of recipes, making for a more colorful and tasty baked treat.
Bullet Point 2: Accent the color and flavor of a seasonal holiday fruitcake for family and friends with green cherries or make candied cherry chocolate chip cookies to stand out at the next pot luck party.
Bullet Point 3: We have a number of wonderful and easy recipes that call for these sweet treats. Here are just a few: Cherry Brownies, Cherry-Citron Cake, Cherry Pineapple Cake, Fruit Cake, Oatmeal Cherry Pineapple Cookies, Reindeer Ornament Cookies, Cherry-Chocolate Bars, Cherry-Pineapple Crispies and a Yuletide Centerpiece Tree.
Bullet Point 4: Our green candied cherries are available whole or halved, and come packed in a reusable plastic container
Bullet Point 5: Paradise Candied Green Cherries are fat-free and gluten free.
Value: 8.0
Unit: ounce
",https://m.media-amazon.com/images/I/816syHwrDLL.jpg,13.4
170748,"Item Name: StarKist Chunk Light Tuna in Water, 5 oz (8 Pack) Canned Tuna Fish, Wild Caught, Gluten Free, Ready to Eat, Perfect for Salads, Keto Meals and Snacks, with 20g Protein & 90 Calories Per Serving
Bullet Point 1: Delicious, Mild Flavor: Starkist Chunk Light Tuna in Water can features wild caught tuna with a naturally mild flavor people have come to expect from Starkist. It’s perfect for quick snacks or meals on the go
Bullet Point 2: Excellent Source of Protein: Our dolphin safe tuna is a natural source of protein and Omega 3s, plus it has 20g of protein and 90 calories per serving It’s soy free, gluten free and works well with Keto, Paleo, Mediterranean & Weight Watchers diet plans
Bullet Point 3: Add Variety to Your Diet: Tuna is a wholesome choice for a snack or meal that fits into an active lifestyle StarKist tuna in water is a great and easy way to add seafood to your diet
Bullet Point 4: Versatile: StarKist Chunk Light Tuna in water is a versatile and easy way to liven up a meal It can be used in cool tuna salads, hot casseroles, on sandwiches, and even eaten on its own as a snack or meal
Bullet Point 5: Bulk (8 Pack): Buy your tuna in Bulk with the StarKist 8-Pack of canned tuna. These tuna cans are easy to store and great to have handy for when hunger strikes
Value: 40.0
Unit: Ounce
",https://m.media-amazon.com/images/I/81fEQqIomLL.jpg,6.845
172021,"Item Name: Walden Farms Honey Dijon Dressing - Calorie-Free, Gluten-Free, Low Carb, Keto-Friendly, Sugar-Free, Sweet Honey & Dijon Mustard Flavor, (12 oz Bottle x 2)
Bullet Point: Walden Farms Salad Dressings
Product Description: Nothing beats the flavor of honey and Dijon mustard, especially when it contains no calories, fat or sugar! Made from simple ingredients like organic apple cider vinegar, Organic Dijon mustard and sea salt, this Walden Farms Honey Dijon dressing is free from artificial flavors, too. Enjoy on bitter greens like kale, grill with Salmon and dip chicken tenders. Calorie Free Fat Free Sugar Free 0g Net Carbs per serving Dairy Free Cholesterol Free Gluten Free Vegetarian Kosher Keto Friendly
Value: 24.0
Unit: Fl Oz
",https://m.media-amazon.com/images/I/71HGx42QmUL.jpg,17.86
173571,"Item Name: Brooklyn Beans Coffee Pods, Medium Roast Gourmet Variety Pack - Compatible with Keurig K Cup Brewers Including 2.0 Machines, 40 Count
Bullet Point 1: Enjoy a range of rich and smooth medium roast coffees, perfect for a balanced and aromatic coffee experience any time of day.
Bullet Point 2: These 40 count pods are compatible with Keurig K Cup Brewers, including 2.0 machines, ensuring seamless and convenient brewing for a delightful coffee experience.
Bullet Point 3: Each pod is crafted with high quality, freshly roasted coffee beans, providing a consistent and satisfying flavor with every brew, ideal for medium roast lovers.
Bullet Point 4: Perfect for any time of day, this variety pack offers a unique and enjoyable coffee experience, with a selection of medium roast flavors to suit any preference.
Bullet Point 5: Brooklyn Beans ensures each pod is filled with freshly roasted, high quality coffee, delivering a consistently delicious and aromatic coffee experience.
Bullet Point 6: Contains assortment of Medium Roast coffees
Bullet Point 7: Extra fresh, 100% Arabica coffee with our lightning fast ""Roast2Cup"" packaging process
Bullet Point 8: This is not instant coffee. Revolutionary tension based filter system
Bullet Point 9: Compatible with Keurig Original K-Cup Brewers, not compatible with Keurig 2.0 Brewers
Bullet Point 10: Brooklyn Bridge Blend, Corner Donut Shop, Boardwalk Blend & Colombian
Value: 40.0
Unit: Count
",https://m.media-amazon.com/images/I/61wGFnbjDCL.jpg,24.92
175878,"Item Name: Barney Butter Almond Butter, Cocoa + Coconut, 10 Ounce (Pack of 3)
Bullet Point 1: Peanut-free and made in a dedicated peanut-free, almond only facility with coconut, almonds, and chocolate.
Bullet Point 2: Non-GMO Project Verified seal, gluten-free, kosher, dairy-free, and soy-free
Bullet Point 3: Made with premium, blanched California almonds for an ultra-smooth, no grit texture
Bullet Point 4: No need to stir or refrigerate
Bullet Point 5: A good source of calcium, iron, magnesium, and vitamin E
Value: 3.0
Unit: count
",https://m.media-amazon.com/images/I/7192aO6O3kL.jpg,16.38
177308,"Item Name: Martha White Self-Rising Yellow Corn Meal Mix Hot Rize ( 2LB )
Value: 32.0
Unit: Ounce
",https://m.media-amazon.com/images/I/51mL+fhn4AL.jpg,7.95
177651,"Item Name: Justin's Almond Butter Vanilla -- 16 oz - 2 pc
Value: 32.0
Unit: Ounce
",https://m.media-amazon.com/images/I/51PLVxPrR1L.jpg,10.395
179945,"Item Name: FirstChoiceCandy Gummy Bears (Pink Grapefruit, 2 Pound (Pack of 1))
Bullet Point 1: Flavors: Gummy bears are available in a wide range of flavors, such as cherry, strawberry, orange, lemon, green apple, blue raspberry, and more. Some brands even offer unique and exotic flavors.
Bullet Point 2: Colors: Gummy bears come in an assortment of vibrant colors, often corresponding to their respective flavors. The colors are achieved through the use of food coloring.
Bullet Point 3: Texture: The texture of gummy bears is chewy and elastic due to the gelatin content. This gives them a satisfying mouthfeel that many people enjoy.
Bullet Point 4: Popularity: Gummy bears have been a beloved treat for many years and are enjoyed by people of all ages. They are often associated with childhood nostalgia.
Bullet Point 5: Snacking: The most common and straightforward use of gummy bears is as a snack. Many people enjoy them as a sweet treat, whether at home, at work, or on the go.
Bullet Point 6: Gifts and Party Favors: Gummy bears are often included in gift baskets, party favor bags, or candy buffets at events. Their colorful and playful appearance makes them a popular choice for such occasions.
Product Description: Fruity flavors, a soft bite, and adorable teddy bear details make these gummies a must for any candy shop, convenience store, or candy occasion.
Value: 32.0
Unit: Ounce
",https://m.media-amazon.com/images/I/81muciARy6L.jpg,12.99
188243,"Item Name: John Frieda Frizz Ease Daily Nourishment Shampoo, 8.45 Ounce, for Frizz-Prone Hair, Best for Curly, Wavy, and Thick Hair
Bullet Point 1: SMOOTH YOUR FRIZZY HAIR - Frizz Ease Shampoo reverses 75% of surface damage instantly to restore vital moisture for 3x more manageable hair.
Bullet Point 2: COLOR SAFE, MOISTURE ENHANCING SHAMPOO - Our unique, daily use formula is safe for use on color treated hair and designed to revive damaged and frizzy hair to enhance and restore bouncy, luxurious curls and waves.
Bullet Point 3: SILK PROTEIN INFUSED FORMULA - Hdration packed formula that helps protect against the appearance of future damage.
Bullet Point 4: LOCKS IN ESSENTIAL MOISTURE AND SOFTENS HAIR - Rid your hair of dryness and roughness while softening your hair. Leave hair more manageable and ready to be styled.
Bullet Point 5: LUXURIOUS SHAMPOO WITH VITAMINS AND NUTRIENTS - Hydrating ingredients to replenish thirsty strands.
Value: 8.4
Unit: Ounce
",https://m.media-amazon.com/images/I/51kHg8qQPIL.jpg,24.99
189003,"Item Name: Benissimo Toasted Sesame Seed Oil, 8.45 Fluid Ounce
Bullet Point 1: 100 percentage Pure Toasted Sesame Seed Oil
Bullet Point 2: Delicious flavor enhancer for Asian, stir fry and poultry dishes
Bullet Point 3: Wonderful rich nutty flavor
Bullet Point 4: Naturally high in omega 6 fatty acids
Value: 8.4
Unit: Fl Oz
",https://m.media-amazon.com/images/I/41O8IvXIuRL.jpg,18.23
196574,"Item Name: Goldenseal and Witch Hazel Combination Tea (Loose) (4 oz, ZIN: 512111) - 3 Pack
Bullet Point 1: Goldenseal and Witch Hazel Combination Tea (Loose) (4 oz, ZIN: 512111)
Bullet Point 2: No fillers.
Bullet Point 3: Manufacturer: TerraVita
Bullet Point 4: Size: 4 oz
Bullet Point 5: Loose Leaf Herbal Tea - Packed in a convenient upright pouch!
Product Description: Goldenseal and Witch Hazel Combination Tea (Loose) (4 oz, ZIN: 512111)<BR><BR>Packaged in the United States in a GMP certified facility (Good Manufacturing Practice).<BR><BR>No fillers.<BR><BR>Manufacturer: TerraVita<BR><BR>Size: 4 oz<BR><BR>Loose Leaf Herbal Tea - Packed in a convenient upright pouch!<BR><BR>Ingredients: Goldenseal, Witch Hazel
Value: 12.0
Unit: Ounce
",https://m.media-amazon.com/images/I/81KSVL4+fVL.jpg,82.01
198956,"Item Name: Kirkland Signature Organic Raw Honey, 24 oz, 3-count
Bullet Point 1: Honey Bear Plastic Jar
Bullet Point 2: 100% Grade A
Bullet Point 3: USDA Organic
Bullet Point 4: 72 oz. Total Net Weight
Product Description: Organic Honey
Value: 3.0
Unit: Count
",https://m.media-amazon.com/images/I/71wIEk3dUVL.jpg,23.81
199984,"Item Name: Stonewall Kitchen Jam Apricot, 12.5 oz
Bullet Point 1: Stonewall Kitchen Jam, Apricot, includes one 12.5 Ounce jar
Bullet Point 2: A delicious spread for toast, breakfast breads and pastries
Bullet Point 3: Try it a glaze for meat dishes like port, salmon and chicken
Bullet Point 4: So good you could eat it right out of the jar by the spoonful
Bullet Point 5: Made in the USA by the award winning Stonewall Kitchen brand of gourmet foods
Value: 12.5
Unit: Ounce
",https://m.media-amazon.com/images/I/81Go6CsmVlL.jpg,8.62
200885,"Item Name: Beer Powder - 2.7 oz. Jar - KOSHER - Flavoring Powder - (NON - Alcoholic)
Bullet Point 1: We only carry Top Chef quality spices, herbs and ingredients.... YES, there is a difference!
Bullet Point 2: Contains: beer, and maltodextrin. THIS PRODUCT DOES NOT CONTAIN ALCOHOL.
Bullet Point 3: Works great with Fish and chips, Fondue, cheese dips, chili, and much more!
Bullet Point 4: Store in a cool, dry, dark area.
Product Description: Beer powder is a dehydrated version of this malty beverage. It is excellent, in your beer batter for Fish and Chips, beef stew, cheese dips, fondue, chili, and various bread recipes. Often used by our customers for corned beef, bratwurst and even making the traditional Welsh Rabbit (Rarebit). It is a sure to add flavor to meats, rubs and marinades. This is great when you want to add that beer flavor without the alcohol.
Value: 2.7
Unit: Ounce
",https://m.media-amazon.com/images/I/61RnziwJkBL.jpg,13.99
205372,"Item Name: Good's Original Kettle Cooked Potato Chips 24-1 Ounce Bags
Value: 24.0
Unit: Count
",https://m.media-amazon.com/images/I/41-dks-qwLL.jpg,9.99
207181,"Item Name: Pride Of India - PACK of 6 - Himalayan Black Salt (Kala Namak) Extra Fine, 1 Pound (16oz) Dual Sifter Jar - 84+ Natural Mineral Enriched - Great for Vegan Tofu Scrambles - Natural Faux Egg Flavor
Bullet Point 1: HIMALAYAN BLACK SALT: Black Himalayan salt is one of the cleanest and most beneficial salts in the world. It has nutritional and therapeutic properties. You may recognize black Himalayan salt from its egg white taste in tofu scrambles. It can be used in cooking and to create relaxing bath bombs and salts for kids and adults. The salt in this pack is extra fine grind, and is extremely rare.
Bullet Point 2: USE BLACK SALT IN COOKING: BLACK salt can be used in cooking. Add about a quarter teaspoon or a pinch of salt per serving size portion of food. The minerals in the salt help hydrate the body due to presence of rich electrolytes. It also helps with better metabolism and overall body Ph levels. Put black salt in a salt shaker or salt pepper grinder.
Bullet Point 3: NATURAL VEGAN SALT: Pride of India Himalayan black salt is enriched with up to 84 minerals. Additionally, it is gluten-free, GMO-free, non-irradiated, vegan, cholesterol-free. The blackish appearance of our black salt proves its purity. Once you try this salt, you will never want to use table salt again!
Bullet Point 4: HEALTH BENEFITS: Black Salt (Kala Namak) is a easing salt - often used to help with digestion and ease constipation.May be good to regulate blood pressure as it contains lower sodium content than regular salts.
Bullet Point 5: EASY SALT BATH: To make the perfect Himalayan salt bath, mix between 2 to 3 cups of salt (120 to 150 gm) in a tub full of hot water. Gently swirl the salts in water 1quntil they dissolve. Soak for 10 to 40 minutes for a therapeutic spa treatment. Breathe in the steam to invigorate your senses and for nasal passage relief. Let the salt minerals relax stiff muscles and heal skin naturally.
Product Description: Pride of India incorporates naturally-grown food and herbal products from India into our daily life. These all-natural ingredients help enhance the overall health of the human body. Pride of India is family owned and operated, and we manufacture our products in the USA. Our Himalayan Black Rock Salt is the purest form of salt available on planet Earth because it does not undergo any artificial treatment or refining processes. It is carved out from decades-old, naturally occurring salt reserves at the bed of the giant Himalayan mountains in the Indian subcontinent. The blackish appearance of our salt proves its purity. This coarse salt contains up to 84 essential minerals that are quintessential for the human body in daily nutrition. The grainy texture, distinct flavor, and easy solubility of our black salt make it great for kitchen use as well as in the bath. Black Himalayan salt contains sodium and other electrolytes that can help balance electrolytes, regulate hydration, balance PH levels, . Commercial table salt contains between 97.5% and 99.9% sodium chloride, while Himalayan salt only contains about 87%. Additionally, many table salts go through a bleaching process and may even contain harmful ingredients. Our Himalayan salt, however, is natural and doesn’t go through a refining process. Black salt can be used in salt lamps, as a salt substitute, in bath scrubs, or as a bath salt. It’s also a superior substitute for table salt. Use a pinch in your favorite recipe!
Value: 96.0
Unit: Ounce
",https://m.media-amazon.com/images/I/71OGkBzbCML.jpg,39.99
209036,"Item Name: The 12 Coffees of Christmas Gift Set
Bullet Point 1: Each box contains 1oz coffee packets of Vanilla Bean, Cinnamon Swirl, Peppermint Bark, Coconut Creme, Butter Creme, Vanilla Raspberry, Fudge Brownie, Hazelnut Creme, Caramel Kiss, Chocolate Almond, Creme Brulee, and Toasted Pecan.
Bullet Point 2: Each packet of coffee has the right amount of coffee to brew 6-8 cups
Bullet Point 3: Simply fill the pouch into the filter, add water, brew and enjoy!
Bullet Point 4: Share the joy of the season by gifting this enchanting collection to friends and family, or treat yourself to a daily dose of holiday cheer.
Value: 12.0
Unit: Ounce
",https://m.media-amazon.com/images/I/912tdEjUqhL.jpg,23.0
209164,"Item Name: NPG Chrysanthemum Bud Tea 16 Oz, Premium Dried Chinese Tai Ju Flowers, Juhua Herbal Tea, Caffeine-Free, Non-GMO Loose Leaf with Floral Fragrance, Sweet and Refreshing Flavor for Relaxation
Bullet Point 1: Premium Quality: NPG Chrysanthemum Bud Tea comes in a generous 16-ounce package of top-grade, natural dried Chinese Tai Ju flowers, known for their high quality and purity.
Bullet Point 2: Vibrant and Aromatic: These chrysanthemum buds boast a vibrant golden yellow color and emit a slightly sweet, floral aroma when brewed, enhancing your tea-drinking experience.
Bullet Point 3: Caffeine-Free Herbal Tea: Enjoy a soothing and refreshing caffeine-free herbal tea by simply steeping the chrysanthemum buds in hot water, perfect for any time of day.
Bullet Point 4: Traditional Use: Chrysanthemum buds have been valued in traditional Chinese culture for their unique properties and are often used in various traditional practices and recipes.
Bullet Point 5: Culinary Versatility: Beyond making tea, these chrysanthemum buds can be incorporated into various Asian dishes, adding a unique flavor and aromatic touch.
Product Description: NPG Chrysanthemum Bud Tea 16 Oz, Premium Dried Chinese Tai Ju Flowers, Juhua Herbal Tea, Caffeine-Free, Non-GMO Loose Leaf with Floral Fragrance, Sweet and Refreshing Flavor for Relaxation
Value: 16.0
Unit: Ounce
",https://m.media-amazon.com/images/I/81SiT6E6XiL.jpg,34.95
209579,"Item Name: Grace Crushed Pepper Hot Sauce 4.8oz - 2 Pack - Authentic Caribbean Scotch Bonnet Pepper Sauce - Jamaican Hot Sauce with Crushed Scotch Bonnet Peppers - Crushed Red Pepper Sauce
Product Description: Experience the bold and rich flavors of Grace Crushed Pepper Hot Sauce, crafted with the unique use of crushed scotch bonnet peppers that distinguish it from ordinary hot sauces. This method ensures a more textured and intense heat, enhancing the complexity of every dish. Unlike typical scotch bonnet pepper sauces, our crushed peppers retain more of their natural oils and flavors, providing a superior taste experience that hot sauce enthusiasts will love. Perfect for traditional Caribbean and Jamaican dishes, such as jerk chicken, oxtail, curry goat, and ackee and saltfish, this hot sauce infuses meals with a vibrant and authentic spice. Picture the smoky, fiery flavors of jerk chicken complemented by the robust heat of our sauce, or a hearty oxtail stew enriched with its deep, peppery notes. Whether you're cooking a family feast or adding excitement to everyday meals, Grace Crushed Pepper Hot Sauce is essential for bringing Caribbean flavor to your table. Made from the finest ripe Jamaican scotch bonnet peppers and natural ingredients, Grace Crushed Pepper Hot Sauce delivers a fresh, wholesome taste without artificial preservatives and additives. Our commitment to purity and quality ensures that each bottle is packed with the natural goodness of carefully selected peppers and ingredients. This dedication to natural ingredients not only enhances flavor but also supports a healthier, cleaner eating lifestyle. Each bottle captures the bold and authentic flavors that are the hallmark of Jamaican cuisine, bringing the vibrant taste of the Caribbean to your kitchen. The intense, vibrant taste of our sauce will transport you to the bustling markets and lively kitchens of Jamaica, where food is a celebration of culture and heritage. Grace Crushed Pepper Hot Sauce brings this rich tradition into your home, allowing you to savor the fiery, genuine taste of Jamaica in every bite.
Value: 2.0
Unit: Count
",https://m.media-amazon.com/images/I/81-484TptXL.jpg,1.68
209916,"Item Name: Antimo Caputo Semola Di Grano Duro Rimacinata Semolina Flour 2.2LB (1kg), Bag - All Natural Dough for Fresh Pasta - 10 Bags of 2.2 Pound
Bullet Point: PRODUCT OF ITALY: For generations, Caputo Flour has been the number one choice of the best pizza makers in Naples, the birthplace of the Neapolitan style pizza. Now for those who pursue the highest quality ingredients for their recipes, Caputo now offers Semola di Grano Duro.
Value: 35.2
Unit: Ounce
",https://m.media-amazon.com/images/I/71SnfRxKQSL.jpg,16.0
210250,"Item Name: 30"" Headstone Flower Saddle - Sympathy Silks Artificial Cemetery Flowers - Gravesite Flowers - Multi Color Roses
Bullet Point 1: ✔ REAL-LOOKING FLOWERS… They may be artificial flowers, but they offer stunning natural color
Bullet Point 2: ✔ LONG-LASTING… Show someone is still loved with cemetery flowers that look fresh for 2-3+ months
Bullet Point 3: ✔ ZERO-MAINTENANCE… As neighboring flowers wilt these fake flowers will look great without effort
Bullet Point 4: ✔ WEATHER RESISTANT… These sympathy flowers are UV & climate resilient with colors that won’t bleed
Bullet Point 5: ✔ STAY-IN-THE-VASE DEVICE… Patented flower holder to keep your bouquet secure
Product Description: Remember your loved one with this beautiful silk flower arrangement made using multi color Roses. </br> </br> This arrangement is about 28 inches tall from the very bottom to the top. </br> </br> This vase arrangement comes with our Sympathy Silks Vase. The Sympathy Silks Vase is ingeniously designed with 4 spikes at the bottom to provide exceptional stability. This ensures that the vase remains securely in place after sticking it into the ground, allowing you to pay your respects and honor your loved ones without worrying about accidental tipping or movement. This patented, Flowers For Cemeteries exclusive vase is designed to hold all of our ground vase arrangements securely so they will not blow away or float out. It is crafted from high-quality, durable plastic material and is built to withstand the elements and the passage of time. </br> </br> We take pride in knowing we provide long lasting and durable flowers for cemeteries. Our artificial flowers for cemetery vases are designed using UV resistant materials and non-bleed colors. Our flowers are weather resistant and guaranteed to last longer outdoors in the sun. The colors will not bleed onto the headstone when wet. We recommend changing the flower arrangements every 2 to 3 months to keep your Loved Ones memorial looking exceptional. </br> </br> Our unique Stay-in-the-Vase Design assures that you will no longer have to worry about cemetery flowers blowing out of the vase at the gravesite. Our patented Stay-in-the-Vase Design comes securely attached to the bottom of this flower arrangement and will make certain the grave flowers fit tight in standard bronze cemetery vases. You will not have to deal with the hassle of trimming foam any longer. Simply place the flowers in the cemetery vase and you're done.
Value: 1.0
Unit: Count
",https://m.media-amazon.com/images/I/81UWkuq4imL.jpg,59.99
210401,"Item Name: Carbone Alfredo Pasta Sauce, 15 Ounce
Bullet Point: Great Product
Value: 1.0
Unit: Ounce
",https://m.media-amazon.com/images/I/71x--ZrDMRL.jpg,8.17
214626,"Item Name: Madagascar Vanilla Beans - Vacuum Sealed Grade A Vanilla Pods - Rich, Creamy Flavor & Aroma -Great for for Baking, Homemade Extract, Paste, Brewing, Coffee, Cooking (20)
Bullet Point 1: Premium Quality: Grade A Madagascar vanilla beans, vacuum-sealed for maximum freshness and flavor.
Bullet Point 2: Rich Flavor & Aroma: Boasts a creamy, luxurious profile perfect for all culinary uses.
Bullet Point 3: Versatile Ingredient: Ideal for baking, making extracts or paste, brewing, cooking, and beverages.
Bullet Point 4: Handpicked Freshness: Naturally moist and plump pods, perfect for superior flavor infusion.
Bullet Point 5: A FLAVORFUL GIFT - Know anyone who loves baking or cooking with vanilla? This 20-piece pack of beans makes for the perfect gift for bakers, chefs, and coffee addicts who love using vanilla.
Product Description: <b>Want to add fresh vanilla to your drinks and pastries?</b><br><br> Vanilla extract is a staple ingredient for anyone who loves to create sweet treats. We use it for cakes, cookies, ice cream, coffee, and even chocolates, making it a kitchen must-have for any baker. With this, it's no wonder why the vanilla we use can either make or break our favorite treats.<br><br> If you're tired of using store-bought extracts for your pastries, you might want to try using fresh pods. Vanilla beans have a stronger and more flavorful taste and aroma compared to artificial flavoring, which can make any food taste better in an instant.<br><br> <b>Upgrade your desserts with the Strongus Madagascar Vanilla Beans!</b><br><br> Don't settle for watered-down extracts that take away the vanilla's natural flavor. Our fresh beans allow you to scoop out the seeds and add them directly to your dishes for a richer and sweeter taste. With this, your guests will surely love your freshly baked pastries even more!<br><br> If using seeds isn't your thing, you can also steep each pod in water and alco to create your own vanilla extract at home! You can mix your finished product with your cakes, cookies, ice cream, coffee, and even cocktails to give them a fuller, delicious flavor.<br><br> Since these 20-piece grade A beans are vacuum-sealed, you're sure to get fresh pods whenever you order. Fill your kitchen with the sweet and heavenly scent of authentic Madagascan vanilla!<b><br> <b>Still not convinced? Here are more reasons to get these beans:</b><br><br> Responsibly sourced<br> Can last for a long time when stored properly<br> Works for any recipe<br><br><b>Change the way you use vanilla. Add the Strongus Madagascar Vanilla Beans to your cart TODAY!</b>
Value: 20.0
Unit: Count
",https://m.media-amazon.com/images/I/81KFY1aaF7L.jpg,16.95
214768,"Item Name: Rani Far Far/Fryums (Wheat & Tapioca Pellet) Potato Jhali 14oz (400g) ~ Vegan, Kosher, Uncooked, Used to Make Papad, Bhungra/Chip Snack
Bullet Point 1: You'll LOVE our Far Far / Fryums (Wheat & Tapioca Pellet) Potato Jhali by Rani Brand--Here's Why:
Bullet Point 2: 🌾Now KOSHER! Fryums, they are called this because thats what you do with them! Fry in your favorite hot oil for 20 seconds and make your own Indian chips!
Bullet Point 3: 🌾Season them with Rani Chat Masala (sold separately) for a truly authentic experience
Bullet Point 4: 🌾Rani is a USA based company selling quality foods for over 40 years, buy with confidence!
Bullet Point 5: 🌾Tasty uncooked treat, made from A mixture of wheat flour, tapioca gives it a very unique flavor and texture. Net Wt. 14oz (400g), Authentic Product of India.
Product Description: <b>Rani Far Far</b>, or commonly referred to as Fryums because thats exactly what you do to these, your fry them in hot oil for about 20 seconds. They will expand about 2-4x their uncooked size. A mixture of wheat flour, tapioca gives it a very unique flavor and texture. You can season them with Rani Chat Masala or your favorite blend, even salt and pepper. <br><br>
Value: 14.0
Unit: Ounce
",https://m.media-amazon.com/images/I/71qN+B2cXXL.jpg,13.99
215548,"Item Name: Simply Tostitos Tortilla Chips, Sea Salt Made With Avocado Oil, 7.5 Oz
Bullet Point 1: Though our roots date back to 2002, the Simply line sprouted in 2013 from our desire to make snacking simpler than ever—that includes simple choices and simple ingredients. We set out to make picking a snack easy (because who couldn’t use a little more ease these days?) by offering the familiar brands you love and trust without artificial flavors or colors. The result? Not having to figure out something new to snack on when you want the good stuff. Knowing you and your family can share your favorite snacks made with ingredients you feel good about while enjoying the same great taste… well, that’s Simply amazing.​
Bullet Point 2: Tortilla chips are made with avocado oil
Bullet Point 3: Tostitos Simply Sea Salt Made With Avocado Oil Flavored Tortilla Chips has No Artificial Colors Or Flavors Added
Bullet Point 4: Tostitos are more than tortilla chips and dips – they’re an invitation to catch up with friends, so Get to the Good Stuff!​
Bullet Point 5: 0
Value: 7.5
Unit: Ounce
",https://m.media-amazon.com/images/I/819xMHfRzXL.jpg,4.335
218412,"Item Name: Mega Bulk Candy-Filled Plastic Easter Eggs - 2.5"" (2000 Pcs.) | Pre-Filled with Tootsie Rolls, Smarties, & Frooties - Perfect for Church, School, & Community Easter Egg Hunts
Bullet Point 1: 2000-PIECE MEGA PACK: With 2000 pre-filled eggs, this bulk set is perfect for accommodating large groups. Whether you’re hosting a school, church, or neighborhood event, ensure everyone has a chance to join the fun without running out of goodies.
Bullet Point 2: DURABLE PLASTIC EGGS: Made from high-quality plastic, these eggs are built to withstand outdoor Easter egg hunts. They remain securely closed, keeping candies inside safe and fresh until they’re discovered.
Bullet Point 3: ASSORTED COLORS: The eggs come in an array of vibrant colors, adding a festive touch to your event. Brightly colored eggs enhance the excitement of the hunt while emphasizing the playful spirit of Easter.
Bullet Point 4: PRE-FILLED WITH CROWD FAVORITES: Each egg comes pre-filled with beloved candies like Tootsie Rolls, Smarties, and Frooties Fruit Punch Rolls. These classic treats are sure to delight children and adults alike during Easter celebrations.
Bullet Point 5: PERFECT FOR EASTER EVENTS: These 2.5-inch pre-filled plastic Easter eggs are designed for church, or community egg hunts. With a mix of fun candy fillings, they’re ready to go, saving you time and effort while creating a joyful experience for kids.
Value: 2000.0
Unit: Count
",https://m.media-amazon.com/images/I/81Xm7rANzqL.jpg,600.59
218767,"Item Name: Catalina Crunch Chocolate Cookie Bars – Low Carb Snacks with 2g Sugar and 3g Protein - Gluten Free Low Sugar Candy Bars, Keto Friendly, Kosher – Mint, 4 Count (Pack of 6)
Bullet Point 1: NEW FROM CATALINA CRUNCH: Catalina Crunch Cookie Bars are a low sugar option featuring a crunchy cookie center paired with a smooth, flavorful filling, covered in decadent chocolate.
Bullet Point 2: INDIVIDUALLY WRAPPED: Includes six (6) pouches containing four (4) individually wrapped bars for a total of twenty-four (24) bars perfect for lunches, on-the-go snacking, and stocking stuffers.
Bullet Point 3: LOW SUGAR TREATS THAT SATISFY YOUR SWEET TOOTH: Catalina Crunch Chocolate Cookie Bars provide you an indulgent treat with only 2 grams of sugar per bar.
Bullet Point 4: KETO FRIENDLY, KOSHER, GLUTEN FREE: All Catalina Crunch Chocolate Cookie Bars are keto friendly, certified kosher, and gluten free.
Bullet Point 5: CATALINA CRUNCH MISSION: Catalina Crunch is on a mission to make great tasting snacks earnestly made with protein, fiber, and good fats while minimizing sugar.
Product Description: Diagnosed as a type 1 diabetic, our founder created Catalina Crunch because he saw a real gap in the market for delicious, better-for-you options that met his needs. Our recipes are uniquely crafted so customers can enjoy amazing cereals and snacks that are low in sugar, with positive nutrition like protein and fiber. Today, with an expanded portfolio, Catalina Snacks continues to deliver uncompromised taste and quality in every bite helping you to live a healthier life.
Value: 24.0
Unit: Count
",https://m.media-amazon.com/images/I/81Rv5wN9UzL.jpg,7.04
219387,"Item Name: Mentos Chewy Mint Candy Roll, Discovery 14 Assorted Fruit Flavors, 14 Pieces Per Roll, 15 Count Showbox
Bullet Point 1: Experience a Fruit-Filled Adventure: Mentos Chewy Discovery 14 Flavors Roll, 14 pieces per chewy candy roll in this 15-count shadowbox
Bullet Point 2: Enjoy a blast of refreshing fruit flavor in each Mentos chewy mint candy
Bullet Point 3: Yes to Fresh! Mentos chewy candies are perfect for on-the-go freshness
Bullet Point 4: Share a Mentos with friends, perfect for wedding candy, baby shower favors, birthday parties and more
Bullet Point 5: Mentos chewy candies are a fun snack to share with others
Value: 15.0
Unit: Count
",https://m.media-amazon.com/images/I/81DaCHa22DL.jpg,28.79
223391,"Item Name: AmyLu Apple & Gouda Cheese Chicken Sausage, 12 OZ
Bullet Point 1: Meets standards for animal welfare, feed, and more, so you can know about what you're buying (and eating)
Bullet Point 2: No added growth hormones or antibiotics, ever
Bullet Point 3: No animal by-products in feed
Bullet Point 4: Traceable to farm or ranch.
Bullet Point 5: Animal Welfare Certified by Global Animal Partnership
Product Description: Meat
Value: 12.0
Unit: Ounce
",https://m.media-amazon.com/images/I/61DPczDEH-L.jpg,5.48
224265,"Item Name: Juicy Juice, 100% Juice, Kiwi Strawberry, 8 Pack, 6.75 Ounce
Product Description: Fruit Juices
Value: 6.75
Unit: Ounce
",https://m.media-amazon.com/images/I/51HfJoH903L.jpg,2.63
224893,"Item Name: Bakell - Neon Orange Tinker Dust (4g, 1x Mini Spray Pump) Edible Glitter for Food, Desserts, and Beverages!
Bullet Point 1: 💕 Dual Use: When you buy Bakell's Tinker Dust, you're getting two products for the price of one! Tinker Dust (except certain golds) can be used as both a cake decorating dust and a beverage garnish! Add it to your favorite cocktail or soft drink to create a silky, shimmering effect that swirls your beverage to life!
Bullet Point 2: 👀 Our Tinker Dusts come in over 40 colors, ensuring you’ll find the perfect hue for cakes and vegan paint applications for any occasion.
Bullet Point 3: 🎂 🍸 Perfect for professional bakers, home cooks, and mixologists, Tinker Dust seamlessly infuses an enchanting sparkle into your confections and beverages.
Bullet Point 4: 🌿 We are the only edible glitter company whose products are made in the USA at SQF III, GMP, Halal, & Kosher certified facilities, & are nut free, gluten free, & vegan.
Bullet Point 5: 🎉 Perfect for gender reveal parties, holidays, birthdays, weddings, graduations, cakes, cocktails, mocktails, cookies, desserts, beer, garnishes, juice, teas, lemonade, coffee, & even crafts!
Bullet Point 6: 🎯 The convenient mini-pump design provides ease and precision of Tinker Dust for your food and drinks.
Bullet Point 7: 🛡️ Red No. 3 Free: Bakell prioritizes your health by carefully selecting the highest quality ingredients, to create the safest and best product on the market. Our Tinker Dust is also gluten free, dairy free, GMO free and vegan.
Product Description: Neon Orange Tinker Dust is a beautiful, food grade edible glitter made with larger particles than Luster Dust to give it that “glitter look!"" Perfect for cake decorating, cupcakes, cookies, fruit and even beverages! The convenient mini spray pump design ensures precise application to your culinary creations. This Tinker Dust is vegan, Red No. 3 (Erythrosine) free, gluten free, dairy free, nut free and GMO free. Whether you're a professional baker, a passionate home cook, or a mixologist, Tinker Dust is a seamless way to infuse a sparkle into your edible creations, adding a visually appealing touch to every treat.
Value: 1.0
Unit: Count
",https://m.media-amazon.com/images/I/61AsDFv8bAL.jpg,10.98
225044,"Item Name: Ferrero Collection Fine Assorted Confections, Premium Chocolate Variety Pack with Ferrero Rocher, Raffaello, and Rondnoir, 6.1 oz, Gift Box for Sharing with Family and Friends
Bullet Point 1: GOURMET CHOCOLATE GIFT BOX: Share the indulgent taste of assorted chocolates with our Ferrero Collection, a trio of Ferrero Rocher, Raffaello and Rondnoir confections inside a 16-count box of individually wrapped candy for sharing
Bullet Point 2: ASSORTED CHOCOLATES: Enjoy 3 delicious flavors with our Ferrero Collection: Ferrero Rocher, the iconic original with hazelnut milk chocolate; lusciously layered Raffaello with white almond, cream and coconut; and the delicious dark chocolate of Rondnoir
Bullet Point 3: CELEBRATE THE MOMENT: Share moments with your family and friends, or take a moment just for you. Ferrero chocolates make indulgent treats that are great for unwinding after a long day
Bullet Point 4: PREMIUM CHOCOLATE: Expertly crafted from premium gourmet chocolate, these timeless classics deliver decadent taste one exquisite bite at a time
Bullet Point 5: THE FERRERO EXPERIENCE: Our commitment to quality, freshness and a unique taste experience inspires us to create only the finest products that help bring people together
Value: 6.1
Unit: Ounce
",https://m.media-amazon.com/images/I/91R+qidNJuL.jpg,11.06
226126,"Item Name: Go Nanas Original Banana Bread Mix, 8.95 OZ
Bullet Point 1: No hydrogenated fats or high fructose corn syrup allowed in any food
Bullet Point 2: No bleached or bromated flour
Bullet Point 3: No synthetic nitrates or nitrites
Product Description: Baking
Value: 8.95
Unit: Ounce
",https://m.media-amazon.com/images/I/71qXZFoTWrL.jpg,8.74
226520,"Item Name: Bakerpan Sunburst Orange Gel Food Coloring for Baking, Orange Food Coloring for Royal Icing, 2 Ounce Food Dye Coloring for Baking and Frosting (Made in USA)
Bullet Point 1: Professional-Strength Formulations - Bakerpan's professional-strength formulations food coloring gel yields rich and vibrant colors for cake and cookie decorations, elevating your baked goods to a new level of visual appeal with exceptional color intensity.
Bullet Point 2: Food Coloring for Icing - Enhance your cupcakes and frosting by adding a few drops of icing color, enabling you to decorate professional-looking desserts for special occasions like birthdays, weddings, anniversaries, and holidays.
Bullet Point 3: Gel Food Coloring for Decorations - Gel food coloring is a versatile choice for enhancing macaroons, whipped cream, buttercream, royal icing, fondants, candy, cookies, cotton candy, and a wide range of other delightful treats. It's Certified Kosher and Made in the USA.
Bullet Point 4: Food Coloring for Thanksgiving - Food-grade edible red food coloring is perfect for adding vibrant hues to icing, frosting, creams, and glazes. Make this Thanksgiving extra special with the perfect touch of color and creativity.
Bullet Point 5: Versatile Food Coloring - Food coloring is an excellent choice for crafting too. Whether you're coloring slime, engaging in school projects, or exploring various creative endeavors, it's a convenient and reliable option.
Product Description: Bakerpan professional strength formulations results in deep and vibrant colors. Blend sparingly in icings, piping gels, and other food products to achieve the desired color for any occasion without fading and thinning. Our gel is great for all kinds of food, be it drinks, baked goods, or ice cream, It is extremely easy to use, makes bright colors and does not leave an unpleasant taste. This product leaves vivid colors even with the smallest amount used. Compared to liquid food coloring, this food coloring product creates the most pigmented and bright colors without using large amounts of the product.
Value: 2.0
Unit: Fl Oz
",https://m.media-amazon.com/images/I/71KlXqfTtML.jpg,7.98
229711,"Item Name: Jersey Girl Scorchin' No Salt/Sodium Free Hot Sauce 5oz (Carolina Reaper & Dragon's Breath Pepper Sauce (2 Pack) - All Natural
Bullet Point 1: Made with Roasted Sweet Potatoes
Bullet Point 2: No Added Salt
Bullet Point 3: Wholesome Ingredients.
Product Description: Scorchin' Hot Sauce! With only natural and fresh ingredients and real baked sweet potatoes, this sauce craftily combines the 2 of the hottest peppers around, Carolina Reaper and Dragon's Breath peppers providing a flavor-filled, heat-filled zing that can take any dish to the next level. Whether you're trying to cook healthy with a low-sodium diet, or just want to give that ordinary-yet-tasty soup a bit of a kick - this hot sauce is a must! Our sensational hot sauce is made with real hand-picked peppers, providing a pleasant heat profile without the use of extracts.
Value: 1.0
Unit: Count
",https://m.media-amazon.com/images/I/712A4sqzeqL.jpg,17.99
235093,"Item Name: Amoretti - Blueberry Compound Natural Color / 8 oz - Natural Flavors, Shelf Stable Even After Opening, Certified Kosher, TTB Approved, Perfect for Baking Applications & Beverages
Bullet Point 1: Amoretti Item #322 / #322-V1
Bullet Point 2: Natural Flavors
Bullet Point 3: No high fructose corn syrup
Bullet Point 4: Shelf stable, even after opening
Bullet Point 5: More concentrated than competitive brands
Product Description: Amoretti
Value: 8.0
Unit: Ounce
",https://m.media-amazon.com/images/I/611HtnDSzeL.jpg,48.56
236400,"Item Name: READYWISE - Outdoor Pro Adventure Meal, Breakfast Skillet, 2 Servings, 1 Pouch, 680 Calories, 53 Grams Protein, MRE, Gluten-Free, Premium, Freeze Dried Food for, Camping, Hiking, and Backpacking
Bullet Point 1: NUTRITION PACKED: Each pouch of READYWISE Breakfast Skillet is a powerhouse of energy, offering 680 calories, 15 grams of carbs, and 53 grams of protein, crucial for sustaining energy during challenging outdoor activities. This gluten-free option ensures that dietary preferences and needs are catered to, making it an inclusive choice for all adventurers.
Bullet Point 2: ATHLETE-DESIGNED: Expertly designed by athletes and gourmet chefs, this meal combines the best of both worlds. It's packed with 100% real premium ingredients including eggs, pork sausage, potatoes, peppers, and sharp cheddar cheese, making it not just nutritionally balanced but also a delight to your taste buds. This thoughtfully crafted meal is perfect for those who seek both taste and performance from their outdoor meals.
Bullet Point 3: HASSLE-FREE, QUICK PREPARATION: READYWISE meals redefine convenience in the wild. Just add hot water and in mere minutes, you have a delicious meal ready to eat straight from the pouch. This feature is especially beneficial in outdoor environments, reducing cleanup and keeping wildlife disturbances to a minimum.
Bullet Point 4: LIGHTWEIGHT & CONVENIENT: Our freeze-dried food is specially designed for the outdoors. Its lightweight nature and easy rehydration process means you can carry more with less burden, enabling you to focus on your adventures, be it hiking, camping, or exploring, without the added weight and time-consuming preparation of traditional food.
Bullet Point 5: TASTY & SATISFYING: Experience a culinary adventure with our Breakfast Skillet. This meal brings a gourmet dining experience to the outdoor setting, ensuring that your meals are as exciting as your adventures. Satisfy your cravings and refuel your body with a meal that's both nutritious and delicious.
Bullet Point 6: TRUSTED QUALITY & SHELF STABILITY: Proudly made in the USA, our meals are crafted to retain their taste and nutritional value for an extended period. With a long shelf life, you can be assured of a reliable and quality meal option for your various outdoor expeditions, anytime, anywhere
Bullet Point 7: INSPIRED BY JEFF: Suitable for a vast array of outdoor activities, this meal draws inspiration from Jeff Garmire’s adventures across diverse terrains. He completed the Triple Crown of hiking in one year and has hiked 35,000 miles.
Product Description: ReadyWise Outdoor Pro Adventure Meals are the perfect camping essentials for your next trip to the great outdoors, whether you’re summiting a mountain, backpacking a long trail, or tackling a backcountry hunting adventure. Our delicious Pro Adventure Meals are athlete-designed and chef-created with premium 100% real ingredients. They can be rehydrated and served right in the pouch for easy cleanup. Each pouch contains approximately 2 servings, which is just the right amount of tasty food to fuel your adventure. Our Breakfast Skillet pouch contains 53 g of filling protein and 15 g of carbs for quick energy.<BR><BR>At ReadyWise, we lead the food industry when it comes to great freeze-dried meals and dehydrated food for any situation. This is why we created our unique line of Pro Adventure Meals. Made for backpacking, camping, hiking, or hunting, these meals are crafted from a combination of premium freeze-dried and dehydrated ingredients and offer a great taste with the calories and protein your body needs to face the next trek. The food keeps its original flavor, shape, color, and nutritional value while taking up less space, and our innovative process makes it easy to rehydrate each meal. Even if you’re stuck on the mountain overnight, all you need is one cup of water to rehydrate and enjoy a filling meal.<BR><BR>ReadyWise creates the highest-quality emergency-preparedness supplies, convenient backpacking food, and shelf-stable pantry staples. Our Breakfast Skillet is chef created and inspired by Jeff Garmire, who holds 20 trail speed records and has completed the Triple Crown of hiking, which includes the Pacific Crest Trail, Appalachian Trail, and Continental Divide Trail, in one year.
Value: 1.0
Unit: Count
",https://m.media-amazon.com/images/I/81BZczyDPVL.jpg,13.99
237608,"Item Name: Healsi pH7 Natural Artesian Water, Fuchsia, 16.9 Fluid Ounce (Pack of 12)
Bullet Point: Healsi pH7 Natural Artesian Water, Fuchsia, 16.9 Fluid Ounce (Pack of 12)
Value: 202.79999999999998
Unit: Fl Oz
",https://m.media-amazon.com/images/I/61srUz5b3aL.jpg,30.43
239046,"Item Name: Food to Live Coconut Chips, 3 Pounds – Unsweetened Flakes, Unsulfured, Raw, Dried, Desiccated, Shaved Coco Nut Meat, Vegan, Keto, Bulk, Great for Baking. A Good Source of Fiber, Protein, Healthy Fats
Bullet Point 1: ✔️ PREMIUM QUALITY, RAW, VEGAN, KETO: These Coconut Chips by Food to Live are of Premium Quality, 100% Raw, Vegan, Keto and Paleo diets friendly.
Bullet Point 2: ✔️ SUPER NUTRITIOUS, SOURCE OF FIBER: Raw Coconut Chips are a nutrient-dense product containing great amounts of dietary fiber, plant protein, “good” fats, Vitamin B6, Iron, Potassium, Calcium, Zinc, Magnesium, and Manganese.
Bullet Point 3: ✔️ GREAT SNACK, POTATO CHIPS ALTERNATIVE: Munch on Food to Live’s Coconut Chips during a movie night instead of high-sodium Potato Chips. Besides, snack on them on a hike, plane, picnic, or a road trip.
Bullet Point 4: ✔️ PASTRY & DESSERTS INGREDIENT: Coconut Chips are an excellent pastry ingredient that you can use when baking cakes, cookies, brownies, tarts, and muffins as well as when making energy treats, desserts, and candies.
Bullet Point 5: ✔️ HANDY PACKAGING, AVAILABLE IN BULK: Coconut Chips by Food to Live are packaged in convenient resealable bags and are also available in budget-friendly bulk packs.
Product Description: Desiccated Large Raw Coconut Chips
Value: 48.0
Unit: Ounce
",https://m.media-amazon.com/images/I/81fRt91S3dL.jpg,29.77
239395,"Item Name: Premium Yellow Popcorn Kernels - 12.5lbs Resealable Bag of Gourmet Bulk Popping Corn for Microwave, Stovetop, and Machines by Great Northern Popcorn
Bullet Point 1: 12.5LBS BULK POPCORN - Treat friends and family by using these popcorn kernels to pop a delicious batch of everyone’s favorite movie theater snack. The 12.5lbs resealable bag contains approximately 200 servings, so you have plenty for special occasions.
Bullet Point 2: GOURMET TASTE - You can rely on this yellow gourmet popcorn for superior flavor every time. Perfectly conditioned and stored for ideal expansion and taste, these corn kernels come in a moisture-proof bag with a resealable closure for maximum freshness.
Bullet Point 3: HEALTHIER SNACKING - Feel good about snacking with this healthy popcorn. All natural and free of gluten and GMOs, these popcorn kernels pop nicely in an air popcorn popper or with coconut oil in popcorn machines, on the stovetop, or in the microwave.
Bullet Point 4: PREP SUGGESTIONS - Use these popcorn kernels for popcorn machine preparation, on the stovetop, or in the microwave. For any cooking method, use 3 parts popcorn seeds to 1 part oil. Add seasonings, butter, and salt, or enjoy it plain for a simple snack.
Bullet Point 5: PRODUCT DETAILS - Materials: All-Natural Non-GMO Premium Yellow Bulk Popcorn Kernels. Weight: 12.5lbs. Comes in a resealable bag.
Value: 1.0
Unit: Ounce
",https://m.media-amazon.com/images/I/61UL4lTgNkL.jpg,27.45
240647,"Item Name: Basil Avocado Oil
Bullet Point 1: Flavoring: Basil Avocado Oil is fresh but lite on your tongue. The flavors comes from the cold pressed avocado oil and the freshness from the basil it goes good any type of pizza and different kinds breads, as well as a dipping oil for many types of fresh bread or even a finished drizzle for when your pizza is fresh out the oven. You can even use the Basil Avocado Oil to make your own vinaigrette or just a oil and vinegar dressing.
Bullet Point 2: ﻿Ingredients: Avocado Oil, Basil.
Bullet Point 3: ﻿Small Batches Cooking: We prepare our Basil Avocado Oil in same batches ”2 quarts” to make sure each batch taste the same no matter if you buy it today or a year later. We cook our Basil Avocado Oil infused on 150 degrees for 10 hours. Once finished cooking we let it cool to room temperature then we pack and sealed it to lock in the freshen.
Product Description: Our Basil Avocado Oil is very light on your tongue . We used cold pressed Avocado Oil and fresh a basil, it is infused for 10 hours on low then packaged and sealed to keep the freshness in the bottle. Our Basil Avocado Oil goes well with any type of pizza and bread. It can also be used to cook in a sauté pan with any protein and vegetables as well. By using cold pressed Avocado Oil it doesn't burn as fast as extra virgin and all the other oils on the market. The Basil Avocado Oil doesn't leave an oily taste on your tongue and easy to clean up if spilled.
Value: 14.5
Unit: Fl Oz
",https://m.media-amazon.com/images/I/51HsUxirlOL.jpg,8.99
242347,"Item Name: Matt's Bakery Peanut Butter Soft-Baked Cookies, All Natural, Kosher, Non-GMO, 10.5 Ounce (Pack of 6)
Bullet Point: Matt's Bakery Peanut Butter Soft-Baked Cookies, All Natural, Kosher, Non-GMO, 10.5 Ounce (Pack of 6)
Value: 63.0
Unit: Ounce
",https://m.media-amazon.com/images/I/811yLVrk-mL.jpg,41.51
242879,"Item Name: New England Coffee Breakfast Blend Decaffeinated Medium Roast Ground Coffee, 10oz Bag (Pack of 6)
Bullet Point 1: Decaf Breakfast Blend Coffee: All the flavor of our New England Breakfast Blend coffee without the caffeine! Our signature medium roast features the finest beans from Africa, Central and South America for rich taste and aroma
Bullet Point 2: Ground Coffee: Made of 100% Arabica coffee. Gluten free and Certified Kosher ground coffee. Use only fresh water when brewing the coffee grounds for smooth taste and flavor
Bullet Point 3: Small Batch Roast: Sourced from the finest coffee growing regions, our premium coffees are always 100% Arabica coffee beans, which are small-batch roasted for consistently balanced flavor every time
Bullet Point 4: Family Tradition: For more than 100 years, New England Coffee has roasted our premium coffee the same time tested way right in New England. So you can count on deliciously consistent flavor cup after cup, sip after sip
Bullet Point 5: Sustainability: With the changing climate in mind, our Sustainable Cup Project is designed to plant a better tomorrow. Results provide social, economic and environmental enhancements for farmers and their communities
Value: 60.0
Unit: Ounce
",https://m.media-amazon.com/images/I/71Icg2dadIL.jpg,16.29
245156,"Item Name: Pure Leaf Zero Sugar Sweet Tea 18.5oz
Bullet Point: Pure Leaf Zero Sugar Sweet Tea 18.5oz
Value: 18.5
Unit: Fl Oz
",https://m.media-amazon.com/images/I/51mgEgPcZoL.jpg,2.4400000000000004
250078,"Item Name: Ruta Maya USDA Organic Jiguaní Dark Roast Whole Bean Coffee 5 lb. Bag
Product Description: Café Tradición de Cuba These are the finest Arabica beans, shade-grown by cooperatives of farmers in Latin America following traditional principles of organic agriculture to create a healthier product as well as a healthier environment. Café Jiguani (Mouth of the River) refers to the indigenous people of Cuba, mainly Taino Indians. The city Jiguani is in the Province of Granma, which also includes the lush mountains of the Sierra Maestra, Cuba's main coffee region. Ruta Maya's Café Jiguani celebrates historic connections between the indigenous people of the Caribbean and the Maya of the Yucatan.
Value: 35.2
Unit: Ounce
",https://m.media-amazon.com/images/I/31qyMl1gYXL.jpg,54.99
251681,"Item Name: Avery Carter's Felt Stamp Pad, Black, 3.25"" x 6.25"" (21082)
Bullet Point 1: Felt stamp pads are re-ink able for extended use
Bullet Point 2: Acmi certification
Bullet Point 3: Designed for general use
Value: 1.0
Unit: Count
",https://m.media-amazon.com/images/I/81tQLb5aTpL.jpg,9.75
253140,"Item Name: Bar Harbor Fish Stock - 15 Ounces
Value: 15.0
Unit: Fl Oz
",https://m.media-amazon.com/images/I/61swgpwmHwL.jpg,5.46
253197,"Item Name: Boiron Arsenicum Album 6C Homeopathic Medicine for Food Poisoning
Bullet Point 1: Homeopathic medicine that relieves Food Poisoning
Bullet Point 2: Take at the First Sign of Symptoms
Bullet Point 3: Non-Drowsy, no known side effects, no known drug interactions
Bullet Point 4: This medicine uses highly diluted natural substances to relieve symptoms.
Bullet Point 5: This medicine comes in quick-dissolving pellet form
Value: 80.0
Unit: count
",https://m.media-amazon.com/images/I/91ZukyTqYAL.jpg,7.27
254418,"Item Name: Chebe - Gluten Free Pizza Crust Mix - 7.5 oz (pack of 2)
Bullet Point 1: Soy free
Bullet Point 2: Gluten Free
Bullet Point 3: Tree Nut Free
Bullet Point 4: Rice and Potato Free
Bullet Point 5: Lactose & Casein Free
Product Description: Chebe Gluten Free Pizza Crust mix is seasoned with the right touch of Italian herbs and spices, this gluten-free mix makes the perfect pizza crust. You can also use it for calzones, sandwich buns, crackers and a number of other items.
Value: 15.0
Unit: Ounce
",https://m.media-amazon.com/images/I/71ORoxxWrqL.jpg,14.825
255336,"Item Name: Alo Expose Original e Vera 500 ml
Value: 1.0
Unit: Count
",https://m.media-amazon.com/images/I/31JWLqynhCL.jpg,1.98
256995,"Item Name: Biona Organic Red Camargue Rice 500g
Product Description: Biona Organic Red Camargue Rice has certified organic ingredients. Organically grown in the Southern French Camargue wetlands. Adds a rich colour and nutty flavour to a variety of dishes. It is free from dairy and suitable for vegan.
Value: 17.64
Unit: Ounce
",https://m.media-amazon.com/images/I/51TOgMeWjgL.jpg,18.56
259644,"Item Name: White Lily Enriched White Cornmeal Mix - 2 lb. - Single
Bullet Point 1: 2 lb Bag of White Lily Enriched White Self Rising Corn Meal
Bullet Point 2: Ground from whole white corn kernels and blended with a touch of White Lily Flour
Bullet Point 3: Our White Lily White Cornmeal Mix is ideal for making moist and flavorful corn muffins, corn sticks, dressings, and more
Bullet Point 4: A Southern pantry staple since 1883
Bullet Point 5: Kosher Certified
Product Description: White Lily Enriched White Cornmeal Mix - 2 lb. - Single <br>Our cornmeal is ground from whole kernels of white corn and blended with just a touch of flour, for a distinct flavor and a uniquely Southern baking experience.
Value: 32.0
Unit: Ounce
",https://m.media-amazon.com/images/I/71TrkcXbf6L.jpg,7.73
259852,"Item Name: HYLEYS Tea Garcinia Cambogia Green Tea with Pomegranate Flavor - 25 Tea Bags
Bullet Point 1: Natural Weight Management Solution: Hyleys Garcinia Cambogia combined with Green Tea offers a dual-action approach to weight management.
Bullet Point 2: Easy-to-Use: Each box contains 25 individually wrapped tea bags for convenient brewing and freshness.
Bullet Point 3: Rich in Antioxidants: Packed with natural antioxidants from Green Tea, aiding in boosting metabolism and overall well-being.
Bullet Point 4: Quality Ingredients: Made with 100% natural Garcinia Cambogia extract and premium Green Tea leaves for a potent infusion.
Bullet Point 5: Holistic Health Benefits: Not just for weight management, this tea blend offers added benefits for digestion, energy, and overall vitality.
Value: 25.0
Unit: Count
",https://m.media-amazon.com/images/I/51JsdTBUAeL.jpg,10.01
260655,"Item Name: Ka-Me Gluten Free Rice Crackers, Seaweed, 3.5 Ounce
Bullet Point 1: Rice crackers seasoned with seaweed
Bullet Point 2: Great enjoyed on their own, or served with cheese or dips
Bullet Point 3: All natural, gluten free
Bullet Point 4: Product of Thailand
Value: 3.5
Unit: Ounce
",https://m.media-amazon.com/images/I/71zO0PWl5jL.jpg,23.25
262064,"Item Name: De Cecco Semolina Pasta, Farfalle, 1 Pound
Bullet Point 1: Delicious bowtie shaped pasta
Bullet Point 2: 100% Durum Wheat Semolina
Bullet Point 3: Made in Italy
Bullet Point 4: Kosher
Bullet Point 5: Shaped through Bronze Dies to create a rough surface to better retain sauce
Bullet Point 6: Slowly Dried at low Temperature to Preserve Nutritional Properties. GMO Free. Kosher.
Value: 16.0
Unit: ounce
",https://m.media-amazon.com/images/I/81VGTm0kd7L.jpg,4.515000000000001
264158,"Item Name: NuNaturals Unsweetened Organic Fair Trade Cocoa Powder, Premium Dutch-Process For Drinking and Baking, 1 lb
Bullet Point 1: Indulge in a delicious cup (or two) of organic Dutch-process hot cocoa with 10 to 12% fat content; Add to smoothies, milk, brownies, cakes, oatmeal, and fruit for rich chocolatey taste
Bullet Point 2: Be the change you wish to see with this Organic Fair Trade Certified Cocoa purchase; Gives farmers better prices, improves lives, and protects the environment
Bullet Point 3: Enjoy a smoother flavor and richer color with neutral acidity; Dissolves instantly in hot/cold beverages and foods, without excessive stirring, heating, or crunching
Bullet Point 4: Complements a health-conscious lifestyle--great for low-carb recipes; Unsweetened, Non-GMO, gluten-free, and keto and paleo-friendly
Bullet Point 5: NuNaturals makes naturally-sweetened sugar-free products that taste great and are good for you; We're committed to creating ethically and sustainably sourced foods that support your wellness
Product Description: Chocolate aficionados and newbies alike will enjoy the rich, indulgent taste of NuNaturals Premium Organic Cocoa Dutch-Process. Get lost in the dark, mellow, full-flavored notes that come through in baked goods and savory dishes, and sprinkled atop snacks. Our cocoa carries a smoother flavor than natural cocoa and blends easily into liquids and other mixtures.
Value: 16.0
Unit: Ounce
",https://m.media-amazon.com/images/I/71RrwtsI5zL.jpg,19.36
264463,"Item Name: Quaker Instant Breakfast Cereal Oatmeal, Apples & Cinnamon, 10 ct
Bullet Point 1: Includes 10 packets
Bullet Point 2: Wholesome nutrition with the sweet taste of apples and cinnamon
Bullet Point 3: Portable single-serving packets are easy to prepare and ready to eat in 90 seconds
Bullet Point 4: Quaker Instant Oatmeal is made from 100% whole grain Quaker Oats
Bullet Point 5: Heart Healthy Whole Grains (Diets rich in whole grain foods and other plant foods and low in total fat, saturated fat, and cholesterol may reduce the risk of heart disease.)
Value: 181.2
Unit: Ounce
",https://m.media-amazon.com/images/I/513ZKM5wIAL.jpg,2.99
264951,"Item Name: Huy Fong Licensed Mini-Sriracha2Go (1-Pack) (1-Pack)
Bullet Point 1: BRING SRIRACHA TO EVERY MEAL - Fill your empty Sriracha2Go with Huy Fong Sriracha to arm yourself with a stash of Sriracha for breakfast, lunch, dinner, and everything in between.
Bullet Point 2: CONVENIENT SIZE FOR EVERY OCCASION - This 1oz TSA friendly bottle is the perfect size to keep on you at all times and ensure no Sriracha-less meals.
Bullet Point 3: LEAK PROOF CAP - We designed a tight-fitting flip top cap to ensure a secure closure.
Bullet Point 4: REUSABLE - Depleted your Sriracha stash? Just refill your bottle and continue eating your sriracha-loving-heart out. Fill with sauce, hand sanitizer, lotion, liquids, the sky’s the limit.
Bullet Point 5: FOOD SAFE - We use food grade and BPA-Free materials to provide you with a safe and durable Sriracha keychain you can confidently and conveniently use on-the-go.
Product Description: Sriracha2Go is a must-have for every sriracha lover. With S2G, you’ll never worry about a sriracha-less meal again. No matter where you go, no matter what time of day, sriracha will be by your side. Simply fill your empty S2G bottle with Huy Fong sriracha and clip it to your keychain, slide it in your pocket, or toss it in your purse — you’re now set to add sriracha to your breakfast, lunch, dinner, and everything in between. Worried about depleting your S2G stash? Don't be! Just refill your bottle and continue eating your sriracha-loving-heart out. Mini-S2G is the perfect size to keep on your keyring at all times, as it's slim enough to fit in the skinniest of skinny jeans, but awesome enough to get you through a bland meal or two. Mini-S2G is BPA Free and TSA Friendly! Bottles are sold empty and ready to be filled with Huy Fong Sriracha.
Value: 1.0
Unit: Fl Oz
",https://m.media-amazon.com/images/I/71rr+QMOx+L.jpg,8.85
264975,"Item Name: Trader Joe's Lightly Smoked Sardines in Olive Oil - 6 Pack
Value: 25.5
Unit: Ounce
",https://m.media-amazon.com/images/I/81cu+uahEWL.jpg,25.99
268276,"Item Name: Vlasic Ovals Hamburger Dill Pickle Chips, Keto Friendly, 16 FL OZ
Bullet Point 1: One 16 fl oz jar of Vlasic Ovals Hamburger Dill Pickle Chips
Bullet Point 2: Perfectly crunchy hamburger dill pickles made with a one-of-a-kind pickling recipe
Bullet Point 3: Oval pickles deliver classic dill flavor
Bullet Point 4: Hamburger dill chips contain 0 calories per serving
Bullet Point 5: Packaged in a resealable jar to lock in flavor and keep pickles crunchy
Value: 16.0
Unit: Count
",https://m.media-amazon.com/images/I/71AbnhXOTAL.jpg,2.9400000000000004
268677,"Item Name: La Victoria Red Taco Sauce Mild, 15 oz. (Pack of 2)
Value: 30.0
Unit: Fl Oz
",https://m.media-amazon.com/images/I/81+HqgYr0HL.jpg,4.85
269134,"Item Name: Kitchen Basics Organic Vegetable Stock, 32 oz (Pack of 12) | No Artificial Flavors, Vegan, Gluten Free |
Bullet Point 1: Twelve 32 oz cartons of Kitchen Basics Organic Vegetable Stock
Bullet Point 2: Crafted by simmering organic ingredients to add rich and complex, full-bodied flavor to all your homemade meals
Bullet Point 3: Classic, full-bodied flavors of tender veggies and herbs
Bullet Point 4: Gluten-free vegetable stock is vegan and USDA organic
Bullet Point 5: Ideal bases for a wide variety of vegan and vegetarian recipes that call for stock, like sauces and soups
Value: 384.0
Unit: Ounce
",https://m.media-amazon.com/images/I/81QAL+fDGhL.jpg,6.43
270754,"Item Name: The Sausage Maker - Collagen Sausage Casings, 65mm (2 1/2"") x 18"", Pre-Tied (20pcs)
Bullet Point 1: These casings are perfect for making Summer Sausage and Smaller Salami
Bullet Point 2: Extra durable to withstand tight stuffing without bursting
Bullet Point 3: Each casing is 18"" long and approximately 2 1/2"" in diameter when stuffed
Bullet Point 4: Stuffing capacity: approx. 2 1/2 lbs. of raw product
Bullet Point 5: Non-edible
Product Description: These casings are perfect for making Summer Sausage and Smaller Salami. Extra durable to withstand tight stuffing without bursting. Casings should be soaked for no more than 5 minutes in lukewarm water prior to stuffing. Each casing is 18"" long and approximately 2 1/2"" in diameter when stuffed. 20 Casings per package. Non-edible. Stuffing capacity: approx. 2 1/2 lbs. raw product. Diameter: Approximately 2 1/2"" when stuffed
Value: 1.0
Unit: Count
",https://m.media-amazon.com/images/I/51zQg6QulmL.jpg,27.49
272437,"Item Name: Walden Farms Calorie Free Asian Salad Dressing (6X12 Oz) by Walden Farms
Value: 6.0
Unit: Count
",https://m.media-amazon.com/images/I/51uLwqWE1XL.jpg,22.96
273042,"Item Name: Eden Foods, Organic, Pumpkin Seeds, Dry Roasted, 4 oz (113 g)
Value: 4.0
Unit: Ounce
",https://m.media-amazon.com/images/I/61HrREsuryL.jpg,4.715
274304,"Item Name: Tiesta Tea - Fireside Spice | Loose Leaf | Mulled Wine Herbal Tea | Premium Non-Caffeinated Holiday Blend | Make Hot or Iced | Brews Up to 25 Cups | 1.5 Ounce Resealable Pouch
Bullet Point 1: MULLED WINE INSPIRED FRUIT TEA: Experience the cozy essence of mulled wine in a delightful blend of cinnamon, smoky spices, and zesty orange zest. This heartwarming infusion sum up the essence of the holiday season, filling your space with the sweet, festive aroma of celebration. Savor it as a comforting hot tea or a refreshing iced tea, plain or with a touch of honey to enhance the experience.
Bullet Point 2: PREMIUM LOOSE LEAF TEA BLEND: We've artfully combined hibiscus, cinnamon, apple, orange, and cinnamon sticks, to craft a top-tier caffeine-free tea. Our commitment to quality means you can see, smell, and taste the difference in every cup. Say goodbye to disposable herbal tea bags and embark on a journey to discover the distinctive Tiesta Tea experience.
Bullet Point 3: REUSABLE TEA POUCH FOR TEA LOVERS: Our charming and reusable pouch is the perfect gift for tea enthusiasts. Offering airtight storage, it ensures that your hibiscus loose leaf tea remains cozy and fresh for 20-25 cups. Not only a functional addition to your tea collection, but it also sits beautifully on your countertop, a testament to your passion for fine teas.
Bullet Point 4: FINDING THE RIGHT TEA: At Tiesta Tea, we believe in simplifying the tea selection process. We offer 5 functional categories, each with a variety of flavors, caffeine levels, and health benefits, so you can easily find the perfect tea to match your taste buds and preferences. Discover the ease of finding the right holiday teas with Tiesta Tea.
Bullet Point 5: SEASONAL FLAVORS: Tiesta Tea’s loose-leaf blends are crafted to complement the vibrant, sunny days of Spring and Summer. These refreshing and aromatic flavors are perfect for sipping on warm afternoons, whether you’re unwinding at home or enjoying time outdoors with friends.
Value: 1.5
Unit: Ounce
",https://m.media-amazon.com/images/I/71iOwt0jYZL.jpg,6.359999999999999
275240,"Item Name: FRONTIER Cumin Seed Whole, 1 LB
Bullet Point 1: Whole Cumin Seed: Frontier Co-op Cumin Seed (Cuminum cyminum) is an important spice in many cuisines, including Indian and Mexican, as well as a vital flavor component in many Asian, and African dishes. It is a common ingredient in savory ethnic meals, and is widely enjoyed today. Whole cumin seeds retain flavor more than ground seeds when stored.
Bullet Point 2: A Distinct Spice: Cumin seed is an essential part of curry powders. It is usually reserved for savory recipes. Add it when seasoning vegetables or meats before roasting them.
Bullet Point 3: Robust, Authentic Flavor: This product has a rich, warm, and an earthy flavor similar to caraway but hotter. Cumin combines sweetness and bitterness in every seed. It can be toasted to enhance its aroma. Cumin also has a hint of citrus that adds depth to any recipe.
Bullet Point 4: Sourced From India: Our farmers in India dry these seeds under natural light and remove any dirt, leaves, twigs, and dust from the product. Frontier Co-op Cumin Seeds are kosher certified, and non-irradiated.
Bullet Point 5: About Us: Owned by stores and organizations that buy and sell our products, Frontier Co-op has been a member-owned cooperative since 1976. We support natural living and our products are never irradiated or treated with ETO. We’re committed to the health and welfare of the environment and everyone producing and consuming our botanical products.
Product Description: <p>Frontier Co-op Cumin Seed (Cuminum cyminum) is a high-quality product with a robust, authentic flavor and aroma. This has become a popular spice in many different cuisines from Mexican and Indian to African and Asian.</p> <p>Cumin seed is a common ingredient in ethnic dishes due to the distinct, hearty, and earthy flavor it delivers. If you have a grinder, you can refine these seeds to make the most of this classic blend.</p> <p>Best uses: Rice pilafs, curries, tacos, burritos</p> <p><b>FEATURES</b></p><ul> <li>1 pound bulk bag (16 ounces)</li> <li>Kosher, non-irradiated</li> <li>Delivers a robust, authentic flavor that adds warmth to any dish</li> <li>Slightly bitter with a pungent aftertaste</li> <li>Botanical name: Cuminum cyminum</li> </ul>
Value: 16.0
Unit: Ounce
",https://m.media-amazon.com/images/I/61JVLzgplJL.jpg,17.485
275537,"Item Name: Tazo Peachy Green Tea Organic- 20 Bag
Bullet Point 1: An organic, refreshing blend of green and black teas with sweet peach and soft cucumber notes
Bullet Point 2: We handpick tea sourced from communities around the world to create our unique blends
Bullet Point 3: In partnership with Mercy Corps, Tazo is working to create lasting change in communities around the globe
Bullet Point 4: With Tazo, you don’t just sip—you sip joyfully
Bullet Point 5: Package includes one box of 20 individually wrapped tea bags of Tazo Organic Peachy Green Tea
Value: 20.0
Unit: Count
",https://m.media-amazon.com/images/I/81SGL6t3MYL.jpg,4.79
275775,"Item Name: Chicken of the Sea Solid White Premium Albacore Tuna in Water, Wild Caught Tuna, 5 oz. Can (Pack of 1)
Bullet Point 1: DELICIOUS, MILD FLAVOR: Chicken of the Sea Solid White Albacore Tuna in Water is made with premium albacore tuna filets, perfectly seasoned with salt and packed in water for a pure, clean, mild flavor.
Bullet Point 2: VERSATILE PANTRY INGREDIENT: Canned albacore tuna in water is perfect for salads, pastas, wraps, and more. Try it in your go-to recipes.
Bullet Point 3: HIGHLY NUTRITIOUS: Albacore tuna canned in water is high in protein, and features heart-healthy omega-3s, with very little fat and no carbs—perfect for keto, paleo, and Mediterranean diets. One 5-ounce can of our solid white albacore tuna in water contains 29 grams of protein, 0 grams of carbs, and just 1 gram of fat.
Bullet Point 4: RESPONSIBLY SOURCED WILD ALBACORE TUNA: Chicken of the Sea is proud to offer only responsibly sourced, wild caught albacore tuna.
Bullet Point 5: 100% SIMPLE INGREDIENTS: Our solid white tuna contains only simple ingredients, with no GMOs or preservatives. It’s also gluten-free.
Value: 5.0
Unit: Ounce
",https://m.media-amazon.com/images/I/61kY7V4JlcL.jpg,1.59
277033,"Item Name: Lee Kum Kee Hoisin Sauce, 36-Ounce Bottles (Pack of 12), Vegan Friendly
Bullet Point 1: Contains 12 bottles of Lee Kum Kee Hoisin Sauce, 36 ounces each
Bullet Point 2: Perfect for a marinade, dipping of finishing sauce to your favorite dish.
Bullet Point 3: Vegan friendly
Bullet Point 4: Quick and easy to make your favorite meal, cut cooking time down without sacrificing taste.
Bullet Point 5: Making the perfect gift for cooks, or as part of your next grocery order, Lee Kum Kee products are a pantry staple.
Value: 12.0
Unit: Count
",https://m.media-amazon.com/images/I/81y+tdj2tXL.jpg,76.44
277314,"Item Name: Supreme Housewares Die Cast Aluminum Metal Squeezer Lime Lemon Citrus Squeezer Hand Juicer Kitchen Tool (Green)
Bullet Point 1: Size: 8 inch L x 2 3/8 inch W x 1 3/4 inch H
Bullet Point 2: Material: Die Cast Aluminum
Bullet Point 3: Care & Clean: Hand wash is recommended to keep original finished.
Bullet Point 4: Includes: 1-Piece
Bullet Point 5: Just use this lemon squeezer, and enjoy time with yourself, your family and your friends.
Product Description: Our squeezers are available in different sizes to fit lemons, oranges, or limes. They will squeeze the most juice without adding seeds and pulp. Made of a sturdy metal that won't break with normal usage.
Value: 1.0
Unit: Count
",https://m.media-amazon.com/images/I/51CnTr2KZXL.jpg,10.99
277572,"Item Name: Gildan 5.4 oz Cotton T-Shirt (5000) Tee X-Large White
Bullet Point 1: 5.3-ounce, 100% cotton
Bullet Point 2: 99/1 cotton/poly (Ash)
Bullet Point 3: 90/10 cotton/poly (Sport Grey, Antique Cherry Red, Antique Irish Green, Antique Jade Dome, Antique Orange, Antique Sapphire)
Bullet Point 4: 50/50 cotton/poly (Blackberry, Dark Heather, Heather Military Green, Heather Red, Heathered Sapphire, Lilac, Neon Blue, Neon Green, Russet, Sunset, Tweed, Safety Green, Safety Orange, Safety Pink)
Bullet Point 5: Seamless double-needle 7/8' collar
Product Description: 5.3-ounce 100% cotton 99/1 cotton/poly (Ash) 90/10 cotton/poly (Sport Grey Antique Cherry Red Antique Irish Green Antique Jade Dome Antique Orange Antique Sapphire) 50/50 cotton/poly (Blackberry Dark Heather Heather Military Green Heather Red Heathered Sapphire Lilac Neon Blue Neon Green Russet Sunset Tweed Safety Green Safety Orange Safety Pink) Seamless double-needle 7/8 collarDouble-needle sleeves and hemTaped neck and shouldersDue to the nature of 50/50 cotton/poly neon fabrics special care must be taken throughout the printing process.
Value: 1.0
Unit: Count
",https://m.media-amazon.com/images/I/51z4jso14ZL.jpg,6.18
277682,"Item Name: GIANT SLIM JIM MILD, Pack of 24
Product Description: Slim Jim Giant - Mild - 24 Unit Box
Value: 23.28
Unit: Ounce
",https://m.media-amazon.com/images/I/71jT0xAybpL.jpg,19.285
277838,"Item Name: PLANTERS Peanuts Holiday Trio Pack - Snacks Variety Pack for Adults with Sweet n Crunchy, Honey Roasted, and Cocktail Peanuts (3 Count Canisters)
Bullet Point 1: PEANUT TRIO: These Honey Roasted Peanuts, Cocktail Peanuts, and Sweet n Crunchy Peanuts are a snack food option for sharing in a snack pack or box of snacks
Bullet Point 2: NUTS FOR HOLIDAY SNACKING: This peanuts variety pack snack box contains holiday snacks for you and your guests to enjoy
Bullet Point 3: SNACK PACKAGING: Inside the festive package of the PLANTERS Holiday Peanuts Trio are three canisters of holiday nuts, delicious snack foods
Bullet Point 4: VARIETY OF FLAVORS: Enjoy PLANTERS Sweet n' Crunchy Peanuts, PLANTERS Honey Roasted Peanuts, and PLANTERS Cocktail Peanuts in this snack variety pack
Bullet Point 5: CONVENIENT RESEALABLE CANISTERS: Keep your PLANTERS nuts fresh with these resealable canisters that keep your holiday snacks, Cocktail Peanuts, and Honey Roasted Peanuts tasting great
Value: 34.0
Unit: oz
",https://m.media-amazon.com/images/I/71+GK6zSl+L.jpg,17.39
279046,"Item Name: Lundberg Family Farms - Jubilee Rice, Gourmet Blend of Whole Grain Brown Rice, Festive & Savory, Pantry Staple, Great for Cooking, Non-GMO, Gluten-Free, Vegan, Kosher (16 oz, 6-Pack)
Bullet Point 1: FESTIVE & SAVORY: This savory blend of long, short, black, brown, red, & sweet rice resem­bles con­fet­ti. Jubilee fits in with your favorite every­day recipes from sal­ads to soups & side dish­es that will give the main a run for its money
Bullet Point 2: THOUGHTFULLY CRAFTED: This gourmet blend of whole grain brown rice will add a festive & colorful touch to the dish of your choice. Incorporate Jubilee rice into any of your brown rice recipes for a new & exciting take on an old dish!
Bullet Point 3: GOOD FROM THE GRAIN UP: This product is Non-GMO Project Verified, gluten-free, 100% whole grain, vegan, & Kosher. At Lundberg Family Farms, we strive to make every bite of our grains as healthful as they are delicious
Bullet Point 4: LEAVE THE LAND BETTER THAN YOU FOUND IT: There’s more to food than flavor. Our focus on organic, non-GMO & diverse grains helps create a food system that doesn't drain our earth’s resources, & that puts meals on your table of the highest quality.
Bullet Point 5: CULTIVATING A FAMILY TRADITION: For over four generations, the Lundberg family has produced high-quality organic rice products. Our mission is to honor our family farming legacy by nourishing, conserving, & innovating for a healthier world.
Value: 96.0
Unit: Ounce
",https://m.media-amazon.com/images/I/71FbpdrBSlS.jpg,4.44
279462,"Item Name: Achva Halva, Marble, 16-Ounce Trays (Pack of 12)
Bullet Point 1: Pack of Twelve, 16-Ounce Trays (Total 192 Ounce)
Bullet Point 2: Delicious Achva Marbled Halva
Bullet Point 3: Perfect Complement to Tea or Coffee!
Bullet Point 4: Certified Kosher; Dairy Free
Bullet Point 5: Product of Israel
Value: 192.0
Unit: ounce
",https://m.media-amazon.com/images/I/91nMf85nl0L.jpg,10.49
280794,"Item Name: Badia a Coltibuono Extra Virgin Olive Oil 16.9fl Oz.
Bullet Point 1: Columellate Artesano Unfiltered Extra Virgin Olive Oil Cold Pressed
Bullet Point 2: Item Package Dimension: 8.128cm L x 9.652cm W x 34.798cm H
Bullet Point 3: Country Of Origin: Italy
Bullet Point 4: Ingredients: Olive Oil
Value: 16.9
Unit: Fl Oz
",https://m.media-amazon.com/images/I/71IETMcZI9L.jpg,40.24
282524,"Item Name: Reed's Ginger Beer Extra Ginger Brew, 4 pk
Bullet Point 1: Brewed since 1987
Bullet Point 2: Extra has 2 times the fresh ginger root of Original for a medium spice level.
Bullet Point 3: Reed's All Natural Ginger Brew
Bullet Point 4: Authentic Jamican-Style Recipe
Bullet Point 5: Total of Four 12 oz Bottles
Value: 48.0
Unit: Fl Oz
",https://m.media-amazon.com/images/I/817TMTK8LDL.jpg,11.815
282892,"Item Name: Sun-Maid Raisins, 20 Oz
Bullet Point 1: 20 ounce canister
Bullet Point 2: Kosher
Bullet Point 3: Just Grapes and Sunshine
Value: 20.0
Unit: oz
",https://m.media-amazon.com/images/I/816aua5ByDL.jpg,4.975
283637,"Item Name: Goya Foods Inc. Pasta Adobo Light Sin Pimiento, 8 Ounce (Pack of 24)
Bullet Point 1: Pack of twenty four, eight-ounce units
Bullet Point 2: All purpose seasoning
Bullet Point 3: Without pepper
Value: 192.0
Unit: Ounce
",https://m.media-amazon.com/images/I/611l+uD0oDS.jpg,1.97
284307,"Item Name: Del Monte Canned Apricot Halves in Extra Light Syrup, 15-Ounce
Bullet Point 1: One 15 oz can of DEL MONTE Lite Apricot Halves in Extra Light Syrup
Bullet Point 2: A quick and easy way to have a ready to eat fruit snack in just minutes
Bullet Point 3: Made with apricots picked and packed at the peak of freshness and immersed in extra light syrup
Bullet Point 4: Non-GMO* canned apricot halves make a great tart fruit snack for busy nights
Bullet Point 5: Canned apricots are ideal for glazed apricots, apricot filling for baking or in a fruit tart
Value: 15.0
Unit: Ounce
",https://m.media-amazon.com/images/I/81wczLTLPXL.jpg,2.245
286558,"Item Name: Maille Pickles Cornichons Original The perfect cornichon for garnishing a gourmet sandwich or snacking Product of France 13.5 oz
Bullet Point 1: Maille Cornichons Original are pickled gherkins with an extra-tart bite.
Bullet Point 2: Maille Cornichons Original are harvested before reaching maturity for an extra-tart, zesty taste.
Bullet Point 3: Each cornichon in every jar of Maille Cornichons Original packs a zesty and flavorful punch that is perfect for livening up any dish.
Bullet Point 4: Add Maille Cornichons to your favorite gourmet sandwich, salads, and dips, or enjoy them as a tasty snack straight from the jar.
Bullet Point 5: Maille Cornichons Original are a perfect addition to your next party platter, charcuterie board, or as everyday condiments.
Bullet Point 6: Maille Cornichons Original are sure to become your favorite pickles. Pick up a jar today!
Value: 13.5
Unit: Fl Oz
",https://m.media-amazon.com/images/I/81QFRklY+qL.jpg,8.54
286607,"Item Name: Good Earth Green Tea, Sweet and Spicy, Matcha Maker, 18 Count, Pack of 6
Bullet Point 1: Green tea blended with the goodness of matcha and bright bursts of citrus flavors
Bullet Point 2: A delicious tea blend that is both healthy and great tasting
Bullet Point 3: Spiced with licorice root, orange peel, chamomile, orange oil, ginger root, and lime oil
Bullet Point 4: No artificial flavors, colors or preservatives
Value: 8.22
Unit: Ounce
",https://m.media-amazon.com/images/I/61MT6mbqrML.jpg,8.36
289936,"Item Name: Lehi Roller Mills Country Blueberry Muffin , 2-Pound Bags (Pack of 2)
Bullet Point 1: Pack of two, 2-pound bags (total of 64 ounces)
Bullet Point 2: Product of USA
Value: 64.0
Unit: Ounce
",https://m.media-amazon.com/images/I/41dzDJROc-L.jpg,22.06
293357,"Item Name: Bob's Red Mill Organic Raw Whole Golden Flaxseeds, 25 Pound
Bullet Point 1: One, 25 pound bulk bag
Bullet Point 2: USDA Certified Organic; Gluten Free; Vegan; Vegetarian; Paleo Friendly; Kosher Par eve
Bullet Point 3: Manufactured in a dedicated gluten free facility; R5-ELISA tested gluten free
Bullet Point 4: 1800mg Omega-3 fatty acids; Good source of fiber; Contains lignans
Bullet Point 5: Great for sprouting, grinding, or eating whole
Value: 400.0
Unit: Ounce
",https://m.media-amazon.com/images/I/81DJoNss+EL.jpg,79.17
296750,"Item Name: Kraft Original Cheesy Made Easy Macaroni & Cheese Dinner - 4.1 oz
Value: 4.1
Unit: Fl Oz
",https://m.media-amazon.com/images/I/819CPCnNikL.jpg,3.0700000000000003
297905,"Item Name: ProtiDIET High Protein Spaghettini Bolognese with Soy Chunks Sauce Mix, Low Fat, Low Sugar, Quick and Easy-to-Prepare Microwavable Protein Pasta to Support an Active Lifestyle -7 Pouches Per Box
Bullet Point 1: Your Go-To Protein Fix – Fuel your body with our rich and savory Spaghettini Bolognese with Soy Chunks Sauce Mix, providing 15g of high quality protein in each pouch to support your busy and active lifestyle. Each box contains 7 x1.45 oz (41g) nutritious high protein pasta.
Bullet Point 2: Instant Gourmet – Sudden pasta cravings? Enjoy a satisfying high protein food in 5 minutes! Take a packet of our Spaghettini Bolognese with Soy Chunks Sauce Mix and pour the contents in 6 ounces of water. Stir well and microwave for 2 minutes.
Bullet Point 3: Stay Beautifully Fit – Our diet-friendly fiber-rich high protein pasta is specially made with the perfect blend of taste, nutrition, and convenience in mind, making it the ideal choice for maintaining a healthy lifestyle. With only 130 calories, you can enjoy a hearty, guilt-free protein meal all while supporting a healthy and radiant you.
Bullet Point 4: Nutritious Delight – ProtiDIET boasts of only using quality ingredients and protein noodles to make our yummy protein snacks. Treat yourself to a satisfying protein meal any time of the day with our nutrient-rich Spaghettini Bolognese with Soy Chunks Sauce Mix, all while fueling your body with the energy and essential vitamins and minerals it needs to go on your day.
Bullet Point 5: Stay Motivated– Sticking to your diet is hard work but with ProtiDIET high protein snacks and protein meals, keeping to your fitness goals is a breeze. Our motivation is to keep you motivated as you see your body transform every day in front of your eyes and realize how close you are to your goal.
Product Description: <p>ProtiDIET has helped tens of thousands reach and maintain their weight goals, proving themselves as the leader in the dietary nutrition field, and it's all thanks to their vast delicious and nutritionally balanced dietary product line that is compatible with all life styles.</p> <p>Sticking to your diet is hard work but with ProtiDIET high protein snacks and protein meals, keeping to your fitness goals is a breeze. Take a flavorful break with our delicious Spaghettini Bolognese with Soy Chunks Sauce Mix. Our single-serve Spaghettini Bolognese ensures protein pasta perfect portion control helps you enjoy a tasty protein meal without overindulging to stay on track of your wellness goals.</p> <p>Fuel your body with our rich and savory Spaghettini Bolognese with Soy Chunks Sauce Mix, providing 15g of high quality protein in each pouch to support your busy and active lifestyle. Each box contains 7 x1.45oz(41g) nutritious high protein pasta.</p> <p>Our diet-friendly fiber-rich high protein pasta is specially made with the perfect blend of taste, nutrition, and convenience in mind, making it the ideal choice for maintaining a healthy lifestyle. With only 130 calories, you can enjoy a hearty, guilt-free protein meal all while supporting a healthy and radiant you.</p> <p>ProtiDIET boasts of only using quality ingredients and protein noodles to make our yummy protein snacks. Treat yourself to a satisfying protein meal any time of the day with our nutrient-rich Spaghettini Bolognese with Soy Chunks Sauce Mix, all while fueling your body with the energy and essential vitamins and minerals it needs to go on your day.</p> <p>Our motivation is to keep you motivated as you see your body transform every day in front of your eyes and realize how close you are to your goal. With ProtiDIET, your success is at your fingertips!</p>
Value: 10.1
Unit: Ounce
",https://m.media-amazon.com/images/I/71lOLUTc1VL.jpg,16.99
298168,"Item Name: La Tourangelle Roasted Sesame Oil, 16.9 Ounce - 6 per case.
Value: 6.0
Unit: bottle
",https://m.media-amazon.com/images/I/610VeYG6i2S.jpg,9.97
